中文名,英文名,备注
彩虹六号：围攻,Tom Clancy's Rainbow Six Siege,
Wallpaper Engine：壁纸引擎,Wallpaper Engine,
艾尔登法环,ELDEN RING,
Grand Theft Auto V 传承版,Grand Theft Auto V: Legacy Edition,
赛博朋克 2077,Cyberpunk 2077,
巫师 3：狂猎,The Witcher 3: Wild Hunt,
艾尔登法环 黑夜君临,ELDEN RING Shadow of the Erdtree,
刺客信条：起源,Assassin's Creed Origins,
命运2,Destiny 2,
使命召唤®,Call of Duty®,
放松时光：与你共享Lo-Fi故事,Chill Vibes: Lo-Fi Story Shared with You,????????Steam?????
女神异闻录３ Reload,Persona 3 Reload,
gogh: 虚拟形象与专注,gogh: Virtual Avatars & Focus,?????
天国：拯救2,Kingdom Come: Deliverance II,
为了吾王 / For The King,For The King,
极限竞速：地平线 5,Forza Horizon 5,
无主之地3,Borderlands 3,
Ghost of Tsushima导演剪辑版,Ghost of Tsushima DIRECTOR'S CUT,
战锤40K：暗潮,Warhammer 40000: Darktide,
神界：原罪2 - 终极版,Divinity: Original Sin 2 - Definitive Edition,
黎明杀机,Dead by Daylight,
真人快打 1,Mortal Kombat 1,
遗迹2,Remnant II,
影子武士2,Shadow Warrior 2,
消逝的光芒2: 重装上阵版,Dying Light 2 Stay Human: Reloaded Edition,
《战地风云™ 2042》,Battlefield 2042,
堕落少女：焰发的玛琪娜与遗迹之城,Fallen Makina and the City of Ruins,???????????
虚拟桌宠模拟器,VPet Simulator,
消逝的光芒：困兽,Dying Light: The Beast,
机战佣兵™VI 境界天火™,ARMORED CORE VI FIRES OF RUBICON,
战地风云™ 6,Battlefield 6,
《战地风云™ 6》Beta 公测,Battlefield 6 Open Beta,
死亡空间,Dead Space,
深岩银河,Deep Rock Galactic,
"Warhammer 40,000: 星际战士2","Warhammer 40,000: Space Marine 2",
黑神话：悟空,Black Myth: Wukong,
原子之心,Atomic Heart,
雨中冒险 2,Risk of Rain 2,
《星球大战 绝地：陨落的武士团™》,Star Wars Jedi: Fallen Order,
破门而入2：北方特遣队,Door Kickers 2: Task Force North,
妹相随～黑白世界的缤纷冒险～,Imouto Connect ~Colorful Adventures in a Black & White World~,???????????
PAYDAY3 (收获日3),PAYDAY 3,
Ghostrunner - 幽灵行者,Ghostrunner,
漫威暗夜之子,Marvel's Midnight Suns,
遗迹：灰烬重生,Remnant: From the Ashes,
幽灵行动：荒野,Tom Clancy's Ghost Recon Wildlands,
双影奇境,Split Fiction,
人类一败涂地 / Human Fall Flat,Human Fall Flat,
逃离鸭科夫,DUCKSIDE,
枪火重生,Gunfire Reborn,
宝藏猎人克莱儿,Treasure Hunter Claire,???????????
猎杀：对决 1896,Hunt: Showdown 1896,
虚空列车,Void Train,
桌面萌娘MMD,Desktop Moe MMD,?????
"《Warhammer 40,000：混沌之门 - 恶魔猎人》","Warhammer 40,000: Chaosgate - Daemonhunters",
潜行者2：切尔诺贝利之心,S.T.A.L.K.E.R. 2: Heart of Chornobyl,
编程农场,Autofarm,????????Steam?????
无主之地®4,Borderlands® 4,
女神异闻录5皇家版,Persona 5 Royal,
装机模拟器 (PC Building Simulator),PC Building Simulator,
《木卫四协议》,The Callisto Protocol,
双人成行,It Takes Two,
极限竞速：地平线 4,Forza Horizon 4,
炼金术士柯蕾特：精华炼成物语,Atelier Colette: The Story of Essence Alchemy,???????????
艾妮希雅与契约纹 ～马蹄大街的娇弱圣女～,Anecia and the Contract Seal,???????????
绯红结系,SCARLET NEXUS,
戴森球计划,Dyson Sphere Program,
仁王 Complete Edition,Nioh: Complete Edition,
刺客信条：影,Assassin's Creed Shadows,
生化奇兵：无限 完全版,BioShock Infinite: The Complete Edition,
幽灵行者 2（Ghostrunner 2）,Ghostrunner 2,
Warframe 星际战甲,Warframe,
Draw &amp; Guess - 你画我猜,Draw & Guess,
高塔之城的莉兹,Liz of the Tower City,???????????
生死狙击2,Death Sniper 2,?????????
花开之魔种,Blooming Seed of the Demon,???????????
AI LIMIT 无限机兵,AI LIMIT,
Steelrising 钢之崛起,Steelrising,
Phasmophobia 恐鬼症,Phasmophobia,
神乐幸存者：永夜,Kagura Survivors: Endless Night,?????
米塔 MiSide,MiSide,
冲就完事模拟器,Just Rush Simulator,????????Steam?????
魔导士蒂亚与不可思议的大图书馆,Mage Tia and the Mysterious Grand Library,???????????
少女怪盗赛丽安娜,Phantom Thief Celianna,???????????
边境,BOUNDARY,
触手星人异界创业记,Tentacle Alien's Otherworldly Business,???????????
雅皮士精神,Yuppie Psycho,
致命解药,Lethal Cure,????????Steam?????
围攻,Besiege,
《法外枭雄：滚石城》Crime Boss: Rockay City,Crime Boss: Rockay City,
致命解药 测试版,Lethal Cure Demo,???????
诺艾尔会努力的！,Noel Will Do Her Best!,???????????
破门而入：行动小队,Door Kickers: Action Squad,
袜罪并罚！,Sockventure,????????Steam?????
暗喻幻想：ReFantazio,Metaphor: ReFantazio,
東方憑依華　～ Antinomy of Common Flowers.,Touhou 15.5: Antinomy of Common Flowers,
加把劲魔女,Go Go Witch!,???????????
我的朋友佩德罗,My Friend Pedro,
Subnautica - 深海迷航,Subnautica,
Marvel’s Avengers |《漫威复仇者》终极版,Marvel's Avengers,
女神异闻录4 无敌究极后桥背摔,Persona 4 Arena Ultimax,
公主养成计划,Princess Maker Refine,?????
No Man's Sky 无人深空,No Man's Sky,
崩坏3,Honkai Impact 3rd,
超级鸡马,Ultimate Chicken Horse,
边缘世界 RimWorld,RimWorld,
乱欲牢城~监狱都市的花之少女~,Prison City of Chaos,???????????
共享委员长,Sharing Class President,???????????
机械战警：暴戾都市,RoboCop: Rogue City,
女神异闻录４ 黄金版,Persona 4 Golden,
惩戒魅魔,Punishing Succubus,???????????
音灵 INVAXION,INVAXION,
近畿霊務局,Kinki Spiritual Affairs Bureau,???????????
影子武士3：决定版,Shadow Warrior 3: Definitive Edition,
喋血复仇,Back 4 Blood,
博德之门3,Baldur's Gate 3,
小缇娜的奇幻之地,Tiny Tina's Wonderlands,
女神异闻录５ 战略版,Persona 5 Tactica,
迷走深空：碎舰师,Hardspace: Shipbreaker,
控制 - 终极合辑 / Control Ultimate Edition,Control Ultimate Edition,
魔法·勇者·大冒险！,Magic Hero Adventure!,???????????
纪元: 变异,Anno: Mutationem,
在校工室与JK共度的日常,Days with JK in the School Workshop,???????????
"Warhammer 40,000: 行商浪人","Warhammer 40,000: Rogue Trader",
《极品飞车™：不羁》,Need for Speed Unbound,
嗜血印 Bloody Spell,Bloody Spell,
魅魔之森~我被魔物娘包围了~,Succubus Forest ~Surrounded by Monster Girls~,???????????
碧海黑帆,Skull and Bones,
文字化化：Homicipher,Homicipher,
互联网原住民Internet Generation,Internet Generation,
奥拓星球：强敌 / Autonauts VS. Piratebots,Autonauts vs Piratebots,
深海迷航：冰点之下,Subnautica: Below Zero,
死域Rogue,Dead Domain Rogue,???????????
"《Warhammer 40,000: Dawn of War》——周年纪念版","Warhammer 40,000: Dawn of War - Anniversary Edition",
JOJO的奇妙冒险 群星之战 重制版,JoJo's Bizarre Adventure: All-Star Battle R,
女魔王梅丽莎的冒险,Demon Queen Melissa's Adventure,???????????
生化奇兵 重制版,BioShock Remastered,
帝国入境所,Imperial Immigration Bureau,????????Steam?????
恐怖的世界,World of Horror,
深红之狱的女剑士 - 蒂娜,Swordswoman of the Crimson Prison - Tina,???????????
修女露米娜与催眠教团,Sister Lumina and the Hypnosis Cult,???????????
AI2U: 与你直到世界尽头 ~ 我的病娇猫娘AI女友,AI2U,
流氓软件,Rogue Software,???????????
武士 零,Katana ZERO,
循环勇士,Loop Hero,
海参2,Sea Cucumber 2,????????Steam?????
相声模拟器,Crosstalk Simulator,???????????
葬花·暗黑桃花源,Funeral Flowers: Dark Utopia,?????????????
光明记忆,Bright Memory,
释放自我！户外直播体验,Free Yourself! Outdoor Streaming,????????Steam?????
检疫区：最后一站,Quarantine Zone: Last Stop,????????Steam?????
剑星,Stellar Blade,
灾难实验室,Disaster Lab,????????Steam?????
恶魔轮盘,Buckshot Roulette,
友尽高尔夫,Golf With Your Friends,???????????????
笼中窥梦 Moncage,Moncage,
沙威玛传奇 - Shawarma Legend,Shawarma Legend,
超自然车旅 Pacific Drive,Pacific Drive,
仙肴圣餐,Celestial Cuisine,???????????
关于我转生变成魅魔这档事,About My Reincarnation as a Succubus,???????????
UNYIELDER -不屈者-,UNYIELDER,
漫威争锋,Marvel Rivals,
Rhythm Doctor 节奏医生,Rhythm Doctor,
Vampire Survivors - 吸血鬼幸存者,Vampire Survivors,
火线迈阿密2：空号,Hotline Miami 2: Wrong Number,
与长生狐一起的30天,30 Days with the Immortal Fox,???????????
東方天空璋 ～ Hidden Star in Four Seasons.,Touhou 16: Hidden Star in Four Seasons,
帕斯卡契约：终极版,Pascal's Wager: Definitive Edition,
遗迹探索者,Relic Seeker,????????Steam?????
动物之鬪,Fight of Animals,
Palworld / 幻兽帕鲁,Palworld,
《守望先锋®》,Overwatch®,
火线迈阿密,Hotline Miami,
MISERY核处逢生,MISERY,????????Steam?????
狙击手：幽灵战士契约 2,Sniper Ghost Warrior Contracts 2,
合金天使：堕入伊甸,Metal Angel: Descent into Eden,???????????
星球大战™：战机中队,Star Wars: Squadrons,
超阈限空间 Superliminal,Superliminal,
催眠公主骑士,Hypnosis Princess Knight,???????????
《神力科莎：拉力》Assetto Corsa Rally,Assetto Corsa Rally,
吉星派对,Lucky Star Party,????????Steam?????
都市传说解体中心,Urban Myth Dissolution Center,???????????
烧肉模拟器,Yakiniku Simulator,?????
双点医院,Two Point Hospital,
诡野西部: 决定版,Weird West: Definitive Edition,
终点咖啡馆,Terminal Cafe,????????Steam?????
奴隶之剑,Slave's Sword,???????????
阿尔迪亚之塔,Tower of Ardia,???????????
堕落之城莱蒂达亚,Fallen City Letidaia,???????????
黑色幸存者,Black Survival,
救命！怎么又塌了!,Help! It Collapsed Again!,???????????
饿殍：明末千里行,Starving: A Thousand Miles in Late Ming,?????????????
愤怒的大脚,Anger Foot,
指尖碎裂,Finger Shatter,????????Steam?????
Shotgun Cop Man - 霰弹警长,Shotgun Cop Man,
电车解题,Trolley Problem Inc.,???????????????
光明记忆：无限,Bright Memory: Infinite,
红怪,Red Monster,????????Steam?????
二分之一,One Half,???????????
Barotrauma 潜渊症,Barotrauma,
东方夜雀食堂 - Touhou Mystia's Izakaya,Touhou Mystia's Izakaya,
夺宝奇兵：古老之圈,Indiana Jones and the Great Circle,
人中之龙０　誓约的场所,Yakuza 0,
非常普通的鹿 DEEEER Simulator,DEEEER Simulator,
人中之龙7　光与暗的去向　国际版,Yakuza: Like a Dragon,
Brewmaster 酿酒大师,Brewmaster,
《文字游戏》,Word Game,?????????????
武装突袭3,Arma 3,
列维坦,Leviathan,????????Steam?????
指尖疾速：打字狂潮,Typing Frenzy,????????Steam?????
Valheim: 英灵神殿,Valheim,
SCP秘密实验室 / SCP: Secret Laboratory,SCP: Secret Laboratory,
艾蜜莉的堕落轮回～魔法学院与永无止尽的一周～,Emily's Fallen Loop,???????????
女神异闻录３ 携带版,Persona 3 Portable,
小骨：英雄杀手(Skul: The Hero Slayer),Skul: The Hero Slayer,
冠位功夫娘,Grand Order Kung Fu Girl,???????????
时间旅者：重生曙光,Time Traveler: Dawn of Rebirth,????????Steam?????
枪豆人 Playtest,Beangun Playtest,?????
饥荒联机版,Don't Starve Together,
主播女孩重度依赖 网络梗打字通,NEEDY STREAMER OVERLOAD: Internet Meme Typing,??????????DLC????
孤狼 OTXO,OTXO,
与魅魔莉莉姆的同居生活,Living with Succubus Lilim,???????????
魔斗姬莉斯缇亚,Battle Mage Ristia,???????????
雨夜迷醉时～A night filled with the sound of rain～,A Night Filled with the Sound of Rain,
芙哇芙哇女仆咖啡厅,Fluffy Maid Cafe,???????????
美少女万华镜 -理与迷宫的少女-,Bishoujo Mangekyou -Reason and the Girl in the Labyrinth-,?????????????
姬械技师 莉斯塔的大冒险,Mecha Technician Rista's Grand Adventure,???????????
三角洲行动,Delta Force,
女忍者牡丹,Female Ninja Botan,???????????
人中之龙 维新！极,Like a Dragon: Ishin!,
奥拓星球 / Autonauts,Autonauts,
YARISUTEMESUBUTA ~ 一次性交易大师 ~,YARISUTEMESUBUTA,
魔女的夜宴,Witch's Night Feast,???????????
作死吧！UP主！,Die Streamer!,???????????
Action对魔忍,Action Taimanin,
CATO 黄油猫,CATO: Buttered Cat,
《Need for Speed™ Heat,Need for Speed Heat,
你妈,Your Mom,???????????
若不疯魔何言爱过,If Not Mad How Could We Love,?????????????
主播女孩重度依赖,NEEDY STREAMER OVERLOAD,
神力科莎：竞速 Assetto Corsa Competizione,Assetto Corsa Competizione,
没票？下车！,No Ticket? Get Off!,???????????
越来越黑暗 Dark and Darker,Dark and Darker,
千恋＊万花,Senren*Banka,
,Spoiled Hero Fantasy World RPG,
,Your Other Wife,
,Crossdressing Mythology,
,Mira and the Mysterious Alchemy,
,Witch of the Dark Eclipse,
,Guild Receptionist's Service,
,Rize and the City of Trials,
,Clumsy Shrine Maiden and Succubus Island,
,Nightmare Knight ~Holy Maiden and Corrupted Magic~,
,Crossdressing Shrine,
,Wondrous Days with Slime Girl,
,Strongest Angel Sariel!,
《极品飞车：热力追踪》重制版,Need for Speed: Hot Pursuit Remastered,
007 初露锋芒,007: First Light,
猎杀：对决 1896（测试服),Hunt: Showdown 1896 (Test Server),
生化奇兵2 重制版,BioShock 2 Remastered,
黎明前20分钟,20 Minutes Till Dawn,
返校,Detention,
女装神话,Silly Polly Beast,
狙击手：幽灵战士契约,Sniper Ghost Warrior Contracts,
廖添丁：绝代凶贼之末日,The Legend of Tianding,
零 ～濡鸦之巫女～,FATAL FRAME / PROJECT ZERO: Maiden of Black Water,
女裝神社,Slaughter Furnace,????????Steam?????
孤女困魇,Saya no Uta ~ The Song of Saya,
塔罗斯的法则,The Talos Principle,
药剂工艺：炼金模拟器,Potion Craft: Alchemist Simulator,
Craftopia / 创世理想乡,Craftopia,
潜水员戴夫 DAVE THE DIVER,DAVE THE DIVER,
蚀之境 Eclipsium,Eclipsium,
Grand Theft Auto V 增强版,Grand Theft Auto V: Enhanced Edition,
《使命召唤®：现代战争® II 2022》,Call of Duty®: Modern Warfare® II (2022),
不予播出 ( Not For Broadcast ),Not For Broadcast,
引擎坠落 Playtest,Engine Fall Playtest,
Squad - 公开测试服,Squad - Public Test Server,
上行战场 / The Ascent,The Ascent,
真·女神转生Ⅴ Vengeance,Shin Megami Tensei V: Vengeance,
暖雪 Warm Snow,Warm Snow,
