Game Name,Local Image File
Resident Evil Requiem,header.jpg
彩虹六号：围攻,header_schinese.jpg
Wallpaper Engine：壁纸引擎,header_schinese(1).jpg
Apex Legends,header(1).jpg
HELLDIVERS™ 2,header_schinese(2).jpg
DARK SOULS™ III,header(2).jpg
Red Dead Redemption 2,header(3).jpg
艾尔登法环,header(4).jpg
Monster Hunter: World,header(5).jpg
Grand Theft Auto V 传承版,header(6).jpg
赛博朋克 2077,header_schinese(3).jpg
Watch_Dogs 2,header(7).jpg
Mortal Kombat 11,header(8).jpg
Sekiro™: Shadows Die Twice,header(9).jpg
巫师 3：狂猎,header_schinese(4).jpg
HITMAN World of Assassination,header(10).jpg
Dying Light,header_schinese(5).jpg
艾尔登法环 黑夜君临,header(11).jpg
Just Cause 3,header(12).jpg
刺客信条：起源,header(13).jpg
命运2,header_schinese(6).jpg
使命召唤®,header_schinese(7).jpg
Portal Knights,header_schinese(8).jpg
放松时光：与你共享Lo-Fi故事,header_schinese(9).jpg
Tom Clancy&#39;s The Division,header(14).jpg
女神异闻录３ Reload,header(15).jpg
Titanfall® 2,header(16).jpg
DARK SOULS™: REMASTERED,header(17).jpg
gogh: 虚拟形象与专注,header_schinese(10).jpg
PAYDAY 2,header(18).jpg
Dishonored 2,header(19).jpg
Banana,header(20).jpg
Devil May Cry 5,header(21).jpg
Ready or Not,header(22).jpg
天国：拯救2,header(23).jpg
DEATH STRANDING,header(24).jpg
Beat Saber,header(25).jpg
为了吾王 / For The King,header_schinese(11).jpg
DARK SOULS™ II: Scholar of the First Sin,header(26).jpg
Middle-earth™: Shadow of War™,header_schinese(12).jpg
极限竞速：地平线 5,header(27).jpg
无主之地3,header(28).jpg
Ghost of Tsushima导演剪辑版,header(29).jpg
The Elder Scrolls V: Skyrim Special Edition,header(30).jpg
战锤40K：暗潮,header(31).jpg
METAL GEAR SOLID Δ: SNAKE EATER,header(32).jpg
PUBG: BATTLEGROUNDS,header(33).jpg
HITMAN™,header(34).jpg
神界：原罪2 - 终极版,header(35).jpg
Live2DViewerEX,header(36).jpg
Counter-Strike 2,header_schinese(13).jpg
黎明杀机,header(37).jpg
Terraria,header(38).jpg
真人快打 1 ,header(39).jpg
Monster Hunter Wilds,header(40).jpg
Borderlands 2,header(41).jpg
DOOM Eternal,header(42).jpg
遗迹2,header(43).jpg
影子武士2,header(44).jpg
Stardew Valley,header(45).jpg
Resident Evil 7 Biohazard,header(46).jpg
消逝的光芒2: 重装上阵版,header_schinese(14).jpg
God of War,header(47).jpg
《战地风云™ 2042》,header_schinese(15).jpg
"Hot Dogs, Horseshoes &amp; Hand Grenades",header(48).jpg
堕落少女：焰发的玛琪娜与遗迹之城,header_schinese(16).jpg
DEATH STRANDING DIRECTOR&#39;S CUT,header(49).jpg
Left 4 Dead 2,header(50).jpg
虚拟桌宠模拟器,header(51).jpg
Portal 2,header(52).jpg
Ghostwire: Tokyo,header(53).jpg
The Evil Within 2,header(54).jpg
消逝的光芒：困兽,header(55).jpg
Just Cause 4,header(56).jpg
The Surge 2,header_schinese(17).jpg
The Surge,header(57).jpg
Hitman: Absolution,header(58).jpg
机战佣兵™VI 境界天火™,header_schinese(18).jpg
Wolfenstein II: The New Colossus,header(59).jpg
Resident Evil 4,header(60).jpg
战地风云™ 6,header(61).jpg
《战地风云™ 6》Beta 公测,header(62).jpg
Dead Rising 4,header(63).jpg
RWBY: Grimm Eclipse,header(64).jpg
Muse Dash,header(65).jpg
Resident Evil Village,header(66).jpg
Saints Row IV,header(67).jpg
死亡空间,header(68).jpg
深岩银河,header_schinese(19).jpg
"Warhammer 40,000: 星际战士2",header_schinese(20).jpg
黑神话：悟空,header_schinese(21).jpg
Sid Meier&#39;s Civilization VI,header(69).jpg
Marvel’s Spider-Man Remastered,header(70).jpg
Hi-Fi RUSH,header(71).jpg
原子之心,header(72).jpg
Doki Doki Literature Club,header(73).jpg
CODE VEIN,header(74).jpg
Crosshair X,header(75).jpg
DOOM,header(76).jpg
DEATHLOOP,header(77).jpg
7 Days to Die,header(78).jpg
雨中冒险 2,header_schinese(22).jpg
《星球大战 绝地：陨落的武士团™》,header(79).jpg
DOOM: The Dark Ages,header(80).jpg
Warhammer: Vermintide 2,header(81).jpg
Schedule I,header(82).jpg
Dead Cells,header(83).jpg
ARK: Survival Evolved,header(84).jpg
破门而入2：北方特遣队,header_schinese(23).jpg
妹相随～黑白世界的缤纷冒险～,header_schinese(24).jpg
Dishonored®: Death of the Outsider™ ,header(85).jpg
PAYDAY3 (收获日3)  ,header(86).jpg
Ghostrunner - 幽灵行者,header(87).jpg
HITMAN™ 2,header(88).jpg
Sea of Thieves,header(89).jpg
Sons Of The Forest,header(90).jpg
Vampyr,header(91).jpg
Half-Life 2,header(92).jpg
Middle-earth™: Shadow of Mordor™,header(93).jpg
漫威暗夜之子,header(94).jpg
Darkest Dungeon® II,header(95).jpg
NieR:Automata™,header(96).jpg
Dead Space 2,header(97).jpg
Prototype,header(98).jpg
Watch_Dogs,header(99).jpg
The Evil Within,header(100).jpg
Minecraft: Story Mode - A Telltale Games Series,header(101).jpg
Assassin&#39;s Creed® III,header(102).jpg
Half-Life: Alyx,header(103).jpg
遗迹：灰烬重生,header(104).jpg
Prey,header(105).jpg
幽灵行动：荒野,header(106).jpg
Sword Art Online: Fatal Bullet,header(107).jpg
Wolfenstein: Youngblood,header(108).jpg
双影奇境,header(109).jpg
Mortal Kombat X,header(110).jpg
Quantum Break,header(111).jpg
OBS Studio,header(112).jpg
人类一败涂地 / Human Fall Flat,header_schinese(25).jpg
RAGE 2,header(113).jpg
Call of Duty®: Black Ops Cold War,header(114).jpg
Bully: Scholarship Edition,header(115).jpg
Devil May Cry 4 Special Edition,header(116).jpg
Minecraft: Story Mode - Season Two,header(117).jpg
逃离鸭科夫,header_schinese(26).jpg
Starfield,header(118).jpg
Resident Evil 2,header_schinese(27).jpg
DmC Devil May Cry,header(119).jpg
HELLDIVERS™,header(120).jpg
枪火重生,header_schinese(28).jpg
宝藏猎人克莱儿,header_schinese(29).jpg
猎杀：对决 1896,header(121).jpg
Duke Nukem Forever,header(122).jpg
DARK SOULS™ II,header(123).jpg
虚空列车,header(124).jpg
"《Warhammer 40,000：混沌之门 - 恶魔猎人》",header(125).jpg
Mad Max,header(126).jpg
VA-11 Hall-A: Cyberpunk Bartender Action,header(127).jpg
潜行者2：切尔诺贝利之心,header(128).jpg
编程农场,header_schinese(30).jpg
Fallout 4,header(129).jpg
Batman™: Arkham Knight,header(130).jpg
无主之地®4,header(131).jpg
女神异闻录5皇家版,header_schinese(31).jpg
装机模拟器 (PC Building Simulator),header_schinese(32).jpg
Megabonk,header(132).jpg
Pistol Whip,header(133).jpg
Zero Hour,header(134).jpg
《木卫四协议》,header(135).jpg
双人成行,header_schinese(33).jpg
极限竞速：地平线 4,header_schinese(34).jpg
炼金术士柯蕾特：精华炼成物语,header_schinese(35).jpg
Dead Space (2008),header(136).jpg
Kingdom Come: Deliverance,header(137).jpg
The Forest,header(138).jpg
艾妮希雅与契约纹 ～马蹄大街的娇弱圣女～,header_schinese(36).jpg
Black Mesa,header(139).jpg
绯红结系,header(140).jpg
SCP: 5K (Alpha Testing),header(141).jpg
戴森球计划,header_schinese(37).jpg
Killing Floor 2,header(142).jpg
仁王 Complete Edition,header(143).jpg
NEKOPARA Vol. 1,header(144).jpg
BONEWORKS,header(145).jpg
刺客信条：影,header_schinese(38).jpg
A Story About My Uncle,header(146).jpg
生化奇兵：无限 完全版,header(147).jpg
Starbound,header(148).jpg
Marvel&#39;s Spider-Man: Miles Morales,header(149).jpg
Alan Wake,header(150).jpg
Blender,header(151).jpg
Shadow of the Tomb Raider,header(152).jpg
幽灵行者 2（Ghostrunner 2）,header_schinese(39).jpg
Alice: Madness Returns,header(153).jpg
Unturned,header(154).jpg
Cyberdimension Neptunia: 4 Goddesses Online,header(155).jpg
Persona 5 Strikers,header(156).jpg
Warframe 星际战甲,header(157).jpg
Assassin&#39;s Creed Rogue,header(158).jpg
Resident Evil 3,header(159).jpg
Crime Scene Cleaner,header(160).jpg
Aragami,header(161).jpg
Void Bastards,header(162).jpg
Dead Rising 3,header(163).jpg
Draw &amp; Guess - 你画我猜,header(164).jpg
Insurgency: Sandstorm,header_schinese(40).jpg
高塔之城的莉兹,header_schinese(41).jpg
生死狙击2,header_schinese(42).jpg
"Warhammer 40,000: Space Marine - Anniversary Edition",header(165).jpg
花开之魔种,header_schinese(43).jpg
ASTRONEER,header(166).jpg
AI LIMIT 无限机兵,header(167).jpg
Totally Accurate Battlegrounds,header(168).jpg
Steelrising 钢之崛起 ,header_schinese(44).jpg
MONSTER HUNTER RISE,header(169).jpg
Wolfenstein: The New Order,header(170).jpg
Furi,header(171).jpg
The Outer Worlds 2,header(172).jpg
METAL GEAR RISING: REVENGEANCE,header(173).jpg
Operation Tango,header_schinese(45).jpg
Devil May Cry HD Collection,header(174).jpg
Hello Neighbor,header_schinese(46).jpg
GTFO,header(175).jpg
Phasmophobia 恐鬼症,header(176).jpg
Call of Duty 4: Modern Warfare (2007),header(177).jpg
神乐幸存者：永夜,header_schinese(47).jpg
ZomDay,header_schinese(48).jpg
HOLE,header(178).jpg
米塔 MiSide,header_schinese(49).jpg
GROUND BRANCH,header(179).jpg
VoiceAttack 2,header(180).jpg
OUTRIDERS,header(181).jpg
冲就完事模拟器,header_schinese(50).jpg
Broforce,header(182).jpg
Days Gone,header(183).jpg
Whispers from the Star,header(184).jpg
魔导士蒂亚与不可思议的大图书馆,header_schinese(51).jpg
KurtzPel,header(185).jpg
Dirty Bomb,header(186).jpg
The Escapists 2,header(187).jpg
PAYDAY 3 - Beta,header(188).jpg
少女怪盗赛丽安娜,header_schinese(52).jpg
边境,header_schinese(53).jpg
Gears 5,header(189).jpg
触手星人异界创业记,header_schinese(54).jpg
雅皮士精神,header(190).jpg
Dishonored,header(191).jpg
Dark Elf,header(192).jpg
Spirit City: Lofi Sessions,header(193).jpg
Zombie Army 4: Dead War,header(194).jpg
Metal: Hellsinger,header(195).jpg
Fallout 76,header(196).jpg
Job Simulator,header(197).jpg
ICEY,header(198).jpg
Dead Space™ 3,header(199).jpg
Duck Game,header(200).jpg
致命解药,header(201).jpg
Blade &amp; Sorcery,header(202).jpg
Raft,header(203).jpg
Youtubers Life,header(204).jpg
围攻,header_schinese(55).jpg
Hacknet,header(205).jpg
GUILTY GEAR -STRIVE-,header(206).jpg
Keep Talking and Nobody Explodes,header(207).jpg
《法外枭雄：滚石城》Crime Boss: Rockay City,header(208).jpg
Darkest Dungeon®,header(209).jpg
SIGNALIS,header(210).jpg
致命解药 测试版,header(211).jpg
诺艾尔会努力的！,header_schinese(56).jpg
破门而入：行动小队,header_schinese(57).jpg
袜罪并罚！,header_schinese(58).jpg
暗喻幻想：ReFantazio,header(212).jpg
東方憑依華　～ Antinomy of Common Flowers.,header(213).jpg
Stick Fight: The Game,header(214).jpg
Wolfenstein: The Old Blood ,header(215).jpg
Police Stories,header(216).jpg
加把劲魔女,header_schinese(59).jpg
Batman: Arkham City GOTY,header(217).jpg
Slime Rancher,header(218).jpg
Street Fighter 6,header(219).jpg
Injustice™ 2,header(220).jpg
我的朋友佩德罗,header(221).jpg
Subnautica - 深海迷航,header_schinese(60).jpg
Halo: The Master Chief Collection,header(222).jpg
Marvel’s Avengers |《漫威复仇者》终极版,header(223).jpg
Sleeping Dogs: Definitive Edition,header(224).jpg
3DMark,header(225).jpg
女神异闻录4 无敌究极后桥背摔,header(226).jpg
公主养成计划,header_schinese(61).jpg
Fashion Police Squad,header_schinese(62).jpg
Mirror&#39;s Edge,header(227).jpg
No Man&#39;s Sky 无人深空,header_schinese(63).jpg
We Happy Few,header(228).jpg
崩坏3,header_schinese(64).jpg
超级鸡马,header(229).jpg
World of Guns: Gun Disassembly,header(230).jpg
边缘世界 RimWorld,header(231).jpg
West of Loathing,header(232).jpg
Getting Over It with Bennett Foddy,header(233).jpg
乱欲牢城~监狱都市的花之少女~,header_schinese(65).jpg
共享委员长,header_schinese(66).jpg
机械战警：暴戾都市,header_schinese(67).jpg
女神异闻录４ 黄金版,header(234).jpg
音灵 INVAXION,header_schinese(68).jpg
Kill The Crows,header(235).jpg
SYNTHETIK,header(236).jpg
Terminator: Resistance,header(237).jpg
近畿霊務局,header(238).jpg
Arizona Sunshine,header(239).jpg
No More Heroes 3,header(240).jpg
影子武士3：决定版,header(241).jpg
Insurgency,header(242).jpg
Tilt Brush,header(243).jpg
Ghostrunner Demo,header(244).jpg
Lost,header(245).jpg
Granblue Fantasy: Relink,header(246).jpg
Tetris® Effect: Connected,header(247).jpg
Tomb Raider,header(248).jpg
The Typing of The Dead: Overkill,header(249).jpg
喋血复仇,header(250).jpg
DOOM + DOOM II,header(251).jpg
SUPERHOT,header(252).jpg
Paint the Town Red,header(253).jpg
I Expect You To Die,header(254).jpg
Maximum Action,header(255).jpg
Incredibox,header(256).jpg
Pacify,header(257).jpg
ZOMBI,header(258).jpg
博德之门3,header(259).jpg
Lost Ruins,header(260).jpg
NEKOPARA Vol. 2,header(261).jpg
Generation Zero®,header(262).jpg
小缇娜的奇幻之地,header(263).jpg
DOOM 64,header(264).jpg
Choo-Choo Charles,header(265).jpg
Half-Life,header(266).jpg
APB Reloaded,header(267).jpg
Stray,header(268).jpg
Thumper,header(269).jpg
Sniper Elite 4,header(270).jpg
女神异闻录５ 战略版,header_schinese(69).jpg
迷走深空：碎舰师,header(271).jpg
控制 - 终极合辑 / Control Ultimate Edition,header(272).jpg
Phoenix Wright: Ace Attorney Trilogy,header(273).jpg
魔法·勇者·大冒险！,header_schinese(70).jpg
ELEX,header(274).jpg
Fallout 4 VR,header(275).jpg
纪元: 变异,header_schinese(71).jpg
在校工室与JK共度的日常,header_schinese(72).jpg
XCOM 2,header(276).jpg
"Warhammer 40,000: 行商浪人",header(277).jpg
《极品飞车™：不羁》,header(278).jpg
Agents of Mayhem,header(279).jpg
嗜血印 Bloody Spell,header_schinese(73).jpg
Little Witch Nobeta,header(280).jpg
魅魔之森~我被魔物娘包围了~,header_schinese(74).jpg
Portal,header(281).jpg
碧海黑帆,header(282).jpg
文字化化：Homicipher,header_schinese(75).jpg
Neon White,header(283).jpg
Outlast 2,header(284).jpg
The Heiress,header(285).jpg
The First Descendant,header(286).jpg
Gun Club VR,header(287).jpg
互联网原住民Internet Generation,header_schinese(76).jpg
Portal: Revolution,header(288).jpg
Ravenfield,header(289).jpg
"El Paso, Elsewhere",header(290).jpg
Elin,header(291).jpg
奥拓星球：强敌 / Autonauts VS. Piratebots,header_schinese(77).jpg
Minecraft Dungeons,header(292).jpg
Mortal Kombat Komplete Edition,header(293).jpg
Skate Story,header(294).jpg
深海迷航：冰点之下,header(295).jpg
Bayonetta,header(296).jpg
Hello Neighbor 2,header(297).jpg
Saints Row: Gat out of Hell,header(298).jpg
Doctor Who: The Lonely Assassins,header(299).jpg
死域Rogue,header_schinese(78).jpg
"《Warhammer 40,000: Dawn of War》——周年纪念版 ",header(300).jpg
Budget Cuts,header(301).jpg
Garry&#39;s Mod,header(302).jpg
JOJO的奇妙冒险 群星之战 重制版,header(303).jpg
SOULCALIBUR VI,header(304).jpg
Just Cause 2,header(305).jpg
Life is Strange™,header(306).jpg
女魔王梅丽莎的冒险,header_schinese(79).jpg
NEKO-NIN exHeart,header(307).jpg
METALLIC CHILD,header(308).jpg
NEKOPARA Vol. 3,header(309).jpg
The Walking Dead: Saints &amp; Sinners,header(310).jpg
生化奇兵 重制版,header(311).jpg
Horizon Zero Dawn™ Complete Edition,header(312).jpg
House Party,header(313).jpg
Space Pirate Trainer,header(314).jpg
Need for Speed: Hot Pursuit,header(315).jpg
Tabletop Simulator,header(316).jpg
Baba Is You,header(317).jpg
Spell Fighter VR,header(318).jpg
NEKO-NIN exHeart 2,header(319).jpg
SUCCUBUS,header(320).jpg
Teardown,header(321).jpg
帝国入境所,header_schinese(80).jpg
Grand Theft Auto: San Andreas,header(322).jpg
Psychonauts 2,header(323).jpg
恐怖的世界,header(324).jpg
深红之狱的女剑士 - 蒂娜,header_schinese(81).jpg
Westerado: Double Barreled,header(325).jpg
Deadlock,header(326).jpg
Spin Rhythm XD,header(327).jpg
修女露米娜与催眠教团,header_schinese(82).jpg
Ultimate Marvel vs. Capcom 3,header(328).jpg
 AI2U: 与你直到世界尽头 ~ 我的病娇猫娘AI女友,header_schinese(83).jpg
SILENT HILL f,header(329).jpg
流氓软件,header(330).jpg
武士 零,header(331).jpg
Aliens: Fireteam Elite,header(332).jpg
Viscera Cleanup Detail,header(333).jpg
Ben and Ed,header(334).jpg
循环勇士,header(335).jpg
Company of Heroes ,header(336).jpg
JUMP FORCE,header(337).jpg
海参2,header_schinese(84).jpg
相声模拟器,header_schinese(85).jpg
葬花·暗黑桃花源,header_schinese(86).jpg
Salt and Sanctuary,header(338).jpg
Remember Me,header(339).jpg
West of Dead,header(340).jpg
Library Of Ruina,header(341).jpg
Who&#39;s Your Daddy?!,header(342).jpg
光明记忆,header_schinese(87).jpg
释放自我！户外直播体验,header_schinese(88).jpg
Poly Bridge,header(343).jpg
Monster Hunter Wilds Beta test,header(344).jpg
Garbage Day,header(345).jpg
检疫区：最后一站,header_schinese(89).jpg
BattleBit Remastered Playtest,header(346).jpg
Haydee,header(347).jpg
I Expect You To Die 2,header(348).jpg
ULTRAKILL,header(349).jpg
剑星,header(350).jpg
The Henry Stickmin Collection,header(351).jpg
灾难实验室,header_schinese(90).jpg
恶魔轮盘,header_schinese(91).jpg
Turbo Overkill,header(352).jpg
友尽高尔夫,header(353).jpg
HackHub Demo,header(354).jpg
笼中窥梦 Moncage,header_schinese(92).jpg
Overcooked,header_schinese(93).jpg
Aimlabs,header(355).jpg
One-armed robber,header(356).jpg
Project Zomboid,header(357).jpg
沙威玛传奇 - Shawarma Legend,header_schinese(94).jpg
SUPERHOT: MIND CONTROL DELETE,header(358).jpg
SNOW,header(359).jpg
Succubus Farm,header_schinese(95).jpg
Half-Life 2 RTX,header(360).jpg
超自然车旅 Pacific Drive,header_schinese(96).jpg
Assassin&#39;s Creed Liberation,header(361).jpg
Metro 2033 Redux,header(362).jpg
Red Dead Redemption,header_schinese(97).jpg
仙肴圣餐,header_schinese(98).jpg
The Lab,header(363).jpg
关于我转生变成魅魔这档事,header_schinese(99).jpg
Patrick&#39;s Parabox,header(364).jpg
West of Dead Beta,header(365).jpg
NEKOPARA Vol. 4,header(366).jpg
The Awesome Adventures of Captain Spirit,header_schinese(100).jpg
Bomb Rush Cyberfunk,header(367).jpg
Into the Breach,header(368).jpg
UNYIELDER -不屈者-,header(369).jpg
漫威争锋,header_schinese(101).jpg
Helltaker,header(370).jpg
Metro Exodus,header(371).jpg
Fruit Ninja VR,header(372).jpg
Lobotomy Corporation,header(373).jpg
Max Payne 3,header(374).jpg
Rhythm Doctor 节奏医生,header_schinese(102).jpg
Vampire Survivors - 吸血鬼幸存者,header_schinese(103).jpg
火线迈阿密2：空号,header(375).jpg
与长生狐一起的30天,header_schinese(104).jpg
Entropy : Zero 2,header(376).jpg
Galaxy Burger,header(377).jpg
Goat Simulator,header(378).jpg
Overcooked! 2,header_schinese(105).jpg
東方天空璋 ～ Hidden Star in Four Seasons.,header(379).jpg
Shadow Warrior Classic (1997),header(380).jpg
帕斯卡契约：终极版,header_schinese(106).jpg
Cuphead,header(381).jpg
Saints Row 2,header(382).jpg
Surgeon Simulator VR: Meet The Medic,header(383).jpg
Undertale,header(384).jpg
BlazBlue Cross Tag Battle,header(385).jpg
DOOM II,header(386).jpg
Fallen Aces,header(387).jpg
World of Warships,header(388).jpg
遗迹探索者,header_schinese(107).jpg
Call of Juarez Gunslinger,header(389).jpg
Miss Neko 2,header(390).jpg
NEKOPARA Extra,header(391).jpg
Resident Evil 4 (2005),header(392).jpg
动物之鬪,header(393).jpg
Alan Wake&#39;s American Nightmare,header(394).jpg
Audioshield,header(395).jpg
Dying Light: Bad Blood,header(396).jpg
Killing Floor: Incursion,header(397).jpg
Mahou Arms,header(398).jpg
Metro Exodus Enhanced Edition,header(399).jpg
BOXVR,header(400).jpg
Palworld / 幻兽帕鲁,header_schinese(108).jpg
Postal 3,header(401).jpg
《守望先锋®》,header(402).jpg
火线迈阿密,header(403).jpg
Deus Ex: Mankind Divided™,header(404).jpg
No More Heroes,header(405).jpg
Squad,header(406).jpg
Surgeon Simulator,header(407).jpg
F.E.A.R. 2: Project Origin,header(408).jpg
MISERY核处逢生,header_schinese(109).jpg
Poly Runner VR,header(409).jpg
狙击手：幽灵战士契约 2,header(410).jpg
合金天使：堕入伊甸,header(411).jpg
星球大战™：战机中队,header_schinese(110).jpg
Senua’s Saga: Hellblade II,header(412).jpg
超阈限空间 Superliminal,header_schinese(111).jpg
催眠公主骑士,header_schinese(112).jpg
Apex Aim Trainer,header(413).jpg
《神力科莎：拉力》Assetto Corsa Rally,header(414).jpg
Mortal Kombat: Legacy Kollection,header(415).jpg
吉星派对,header_schinese(113).jpg
The Elder Scrolls V: Skyrim VR,header(416).jpg
Portal with RTX,header(417).jpg
都市传说解体中心,header_schinese(114).jpg
烧肉模拟器,header(418).jpg
双点医院,header_schinese(115).jpg
Hyperdimension Neptunia Re;Birth1,header(419).jpg
THE KING OF FIGHTERS XIII STEAM EDITION,header(420).jpg
诡野西部: 决定版,header(421).jpg
终点咖啡馆,header_schinese(116).jpg
Aim Hero,header(422).jpg
VRChat,header(423).jpg
奴隶之剑,header_schinese(117).jpg
Fallout: New Vegas,header(424).jpg
The Long Dark,header(425).jpg
Push Me Pull You,header(426).jpg
阿尔迪亚之塔,header_schinese(118).jpg
堕落之城莱蒂达亚,header_schinese(119).jpg
黑色幸存者,header_schinese(120).jpg
ACE COMBAT™7: SKIES UNKNOWN,header(427).jpg
Duck Season,header(428).jpg
救命！怎么又塌了!,header_schinese(121).jpg
Elise the Devil,header(429).jpg
Hover,header(430).jpg
Nightmare Kart,header(431).jpg
Slay the Spire,header(432).jpg
饿殍：明末千里行,header_schinese(122).jpg
愤怒的大脚,header_schinese(123).jpg
指尖碎裂,header_schinese(124).jpg
Forgive Me Father 2,header(433).jpg
Shotgun Cop Man - 霰弹警长,header(434).jpg
SUCCUBUS: Prologue,header(435).jpg
War Thunder,header(436).jpg
电车解题,header_schinese(125).jpg
光明记忆：无限,header_schinese(126).jpg
Aperture Desk Job,header(437).jpg
Bloodstained: Ritual of the Night,header(438).jpg
红怪,header(439).jpg
In Sound Mind,header(440).jpg
NEKO-NIN exHeart +PLUS Saiha,header(441).jpg
Superdimension Neptune VS Sega Hard Girls,header(442).jpg
二分之一,header(443).jpg
Barotrauma 潜渊症,header_schinese(127).jpg
F1® 25,header(444).jpg
Intruder,header(445).jpg
Music Racer,header(446).jpg
POSTAL 4: No Regerts,header(447).jpg
"Warhammer 40,000: Darktide Closed Beta",header(448).jpg
Company of Heroes: Eastern Front,header(449).jpg
Injustice: Gods Among Us Ultimate Edition,header(450).jpg
东方夜雀食堂 - Touhou Mystia&#39;s Izakaya,header_schinese(128).jpg
夺宝奇兵：古老之圈 ,header_schinese(129).jpg
人中之龙０　誓约的场所,header_schinese(130).jpg
Cloudpunk,header(451).jpg
非常普通的鹿 DEEEER Simulator,header(452).jpg
RUNNING WITH RIFLES,header(453).jpg
人中之龙7　光与暗的去向　国际版,header_schinese(131).jpg
Brewmaster 酿酒大师,header_schinese(132).jpg
The Brookhaven Experiment,header(454).jpg
Crazy Taxi,header(455).jpg
Jet Set Radio,header(456).jpg
Serious Sam 3: BFE,header(457).jpg
《文字游戏》,header_schinese(133).jpg
武装突袭3,header_schinese(134).jpg
Boomerang X,header(458).jpg
Just Cause,header(459).jpg
Just Cause™ 3: Multiplayer Mod,header(460).jpg
Project Warlock,header(461).jpg
Tomb Raider I-III Remastered Starring Lara Croft,header(462).jpg
BrainBread 2,header(463).jpg
The Witcher: Enhanced Edition,header(464).jpg
列维坦,header_schinese(135).jpg
指尖疾速：打字狂潮,header_schinese(136).jpg
F.E.A.R.,header(465).jpg
Hitman: Blood Money,header(466).jpg
Move or Die,header(467).jpg
Return to Castle Wolfenstein,header(468).jpg
Valheim: 英灵神殿,header_schinese(137).jpg
"Warhammer 40,000: Dawn of War II - Anniversary Edition",header(469).jpg
Ghost Trick: Phantom Detective,header(470).jpg
ISLAND,header(471).jpg
Mortal Shell,header(472).jpg
NEKO-NIN exHeart 2 Love+PLUS,header(473).jpg
Resident Evil Re:Verse,header(474).jpg
Mirror 2: Project X,header(475).jpg
SCP秘密实验室 / SCP: Secret Laboratory,header(476).jpg
Thief Simulator,header(477).jpg
艾蜜莉的堕落轮回～魔法学院与永无止尽的一周～,header_schinese(138).jpg
女神异闻录３ 携带版,header(478).jpg
Counter Fight,header(479).jpg
Just Shapes &amp; Beats,header(480).jpg
Melatonin,header(481).jpg
NEKOPARA Vol. 0,header(482).jpg
POSTAL 2,header_schinese(139).jpg
Seek Girl Ⅲ,header(483).jpg
Seek Girl Ⅳ,header(484).jpg
小骨：英雄杀手(Skul: The Hero Slayer),header(485).jpg
冠位功夫娘,header_schinese(140).jpg
时间旅者：重生曙光,header(486).jpg
Beyond Good &amp; Evil,header(487).jpg
枪豆人 Playtest,header_schinese(141).jpg
Doki Doki Literature Club Plus!,header_schinese(142).jpg
THE HOUSE OF THE DEAD: Remake,header(488).jpg
饥荒联机版,header_schinese(143).jpg
主播女孩重度依赖 网络梗打字通,header_schinese(144).jpg
Bulletstorm: Full Clip Edition,header(489).jpg
Hellblade: Senua&#39;s Sacrifice,header(490).jpg
Hyperdimension Neptunia U: Action Unleashed,header(491).jpg
孤狼 OTXO,header(492).jpg
RoboCop: Rogue City - Unfinished Business,header(493).jpg
Sunset Overdrive,header(494).jpg
SWAT Commander: Prologue Playtest,header(495).jpg
Toki Tori 2+,header(496).jpg
UNBEATABLE [white label],header(497).jpg
与魅魔莉莉姆的同居生活,header_schinese(145).jpg
LEGO® STAR WARS™: The Force Awakens,header(498).jpg
Metal Wolf Chaos XD,header(499).jpg
Touhou Luna Nights,header(500).jpg
TUNIC,header(501).jpg
WAR DUST,header(502).jpg
Wolfenstein 3D,header(503).jpg
魔斗姬莉斯缇亚,header_schinese(146).jpg
雨夜迷醉时～A night filled with the sound of rain～,header_schinese(147).jpg
Cities: Skylines,header_schinese(148).jpg
Hellish Quart,header(504).jpg
Stellaris,header(505).jpg
Tales of Berseria,header(506).jpg
芙哇芙哇女仆咖啡厅,header_schinese(149).jpg
美少女万华镜 -理与迷宫的少女-,header_schinese(150).jpg
Dark Messiah of Might &amp; Magic Single Player,header(507).jpg
Door Kickers,header(508).jpg
Half-Life: Blue Shift,header(509).jpg
RPG Maker MZ,header(510).jpg
SHENZHEN I/O,header(511).jpg
姬械技师 莉斯塔的大冒险,header_schinese(151).jpg
三角洲行动 ,header_schinese(152).jpg
Godot Engine,header(512).jpg
Seek Girl:Fog Ⅰ,header(513).jpg
女忍者牡丹,header_schinese(153).jpg
人中之龙 维新！极,header_schinese(154).jpg
奥拓星球 / Autonauts,header_schinese(155).jpg
Crypt of the NecroDancer,header(514).jpg
Iron Snout,header(515).jpg
My Friendly Neighborhood,header(516).jpg
Styx: Master of Shadows,header(517).jpg
TEKKEN 7,header(518).jpg
"Warhammer 40,000: Boltgun - Words of Vengeance",header(519).jpg
YARISUTEMESUBUTA ~ 一次性交易大师 ~,header_schinese(156).jpg
魔女的夜宴,header(520).jpg
Florence,header(521).jpg
No More Room in Hell,header(522).jpg
POSTAL: Brain Damaged,header(523).jpg
Quake Champions,header(524).jpg
SUPERHOT VR,header(525).jpg
作死吧！UP主！,header_schinese(157).jpg
Action对魔忍,header(526).jpg
CATO 黄油猫,header_schinese(158).jpg
Forgive Me Father,header(527).jpg
Hunt Down The Freeman,header(528).jpg
《Need for Speed™ Heat,header(529).jpg
Transference,header(530).jpg
你妈,header_schinese(159).jpg
ANIMAL WELL,header(531).jpg
Contraband Police,header(532).jpg
Prince of Persia: The Sands of Time,header(533).jpg
RUSH,header(534).jpg
Seek Girl,header(535).jpg
Skeet: VR Target Shooting,header(536).jpg
若不疯魔何言爱过,header_schinese(160).jpg
主播女孩重度依赖,header_schinese(161).jpg
神力科莎：竞速 Assetto Corsa Competizione,header(537).jpg
A Fistful of Gun,header(538).jpg
Rogue Warrior,header(539).jpg
Sakura Swim Club,header(540).jpg
Skullgirls 2nd Encore,header(541).jpg
 没票？下车！,header_schinese(162).jpg
Call of Juarez,header(542).jpg
越来越黑暗 Dark and Darker,header(543).jpg
Prince of Persia: The Forgotten Sands,header(544).jpg
Resident Evil 6,header(545).jpg
Severed Steel,header(546).jpg
Ultimate Epic Battle Simulator,header(547).jpg
Untitled Goose Game,header(548).jpg
千恋＊万花,header_schinese(163).jpg
Sakura Spirit,header(549).jpg
Batman: Arkham Asylum GOTY Edition,header(550).jpg
DYSMANTLE,header(551).jpg
Haven,header(552).jpg
Killing Floor,header(553).jpg
Counter-Strike: Source,header(554).jpg
勇者被宠坏的奇幻世界RPG,header_schinese(164).jpg
Serious Sam Fusion 2017 (beta),header(555).jpg
STREET TYPER X,header(556).jpg
Taboos: Cracks,header(557).jpg
你的另一个老婆,header_schinese(165).jpg
女装神话,header_schinese(166).jpg
Counter-Strike,header(558).jpg
Counter-Strike: Condition Zero,header(559).jpg
Miss Neko,header(560).jpg
Uplink,header(561).jpg
米拉与奇妙的炼金术,header_schinese(167).jpg
Catherine Classic,header(562).jpg
Day of Defeat,header(563).jpg
Gothic Playable Teaser,header(564).jpg
IMMORTALITY,header(565).jpg
Manhunt,header(566).jpg
Mirror Maker,header(567).jpg
Seek Girl Ⅱ,header(568).jpg
A Way Out,header(569).jpg
黯蚀之魔女,header_schinese(168).jpg
底层公会前台小姐的接客之道,header_schinese(169).jpg
莉洁与试练之城,header_schinese(170).jpg
冒失巫女与魅魔之岛,header_schinese(171).jpg
梦魇骑士 ~圣洁少女与堕落魔法~,header_schinese(172).jpg
女裝神社,header(570).jpg
与史莱姆少女的奇妙日常,header_schinese(173).jpg
最强☆天使 沙利叶！,header_schinese(174).jpg
ARK: Survival Of The Fittest,header(571).jpg
Grand Theft Auto IV: The Complete Edition,header(572).jpg
Half-Life: Opposing Force,header(573).jpg
Hyperdevotion Noire: Goddess Black Heart,header(574).jpg
Killing Time,header(575).jpg
Megadimension Neptunia VII,header(576).jpg
MegaTagmension Blanc + Neptune VS Zombies,header(577).jpg
Metro: Last Light Redux,header(578).jpg
Rick and Morty: Virtual Rick-ality,header(579).jpg
Sakura Agent,header(580).jpg
Sakura Dungeon,header(581).jpg
Sakura Magical Girls,header(582).jpg
The Witcher 2: Assassins of Kings Enhanced Edition,header(583).jpg
《极品飞车：热力追踪》重制版,header(584).jpg
007 初露锋芒,header(585).jpg
12 is Better Than 6,header(586).jpg
猎杀：对决 1896（测试服),header(587).jpg
生化奇兵2 重制版,header(588).jpg
黎明前20分钟,header(589).jpg
孤女困魇,header(590).jpg
狙击手：幽灵战士契约,header(591).jpg
廖添丁：绝代凶贼之末日,header(592).jpg
零 ～濡鸦之巫女～,header_schinese(175).jpg
虐杀熔炉,header_schinese(176).jpg
沙耶之歌,header(593).jpg
塔罗斯的法则,header(594).jpg
亚里莎的魔法书,header_schinese(177).jpg
药剂工艺：炼金模拟器,header_schinese(178).jpg
Arx Fatalis,header(595).jpg
Aseprite,header(596).jpg
Bendy and the Dark Revival,header(597).jpg
BioShock,header(598).jpg
BioShock 2,header(599).jpg
Call of Duty: Modern Warfare 2 (2009) - Multiplayer,header(600).jpg
Call of Duty®: Modern Warfare® 3 (2011),header(601).jpg
Call of Juarez: Bound in Blood,header(602).jpg
Company of Heroes - Legacy Edition,header(603).jpg
Company of Heroes 2,header(604).jpg
Company of Heroes: Opposing Fronts,header(605).jpg
Company of Heroes: Tales of Valor,header(606).jpg
Corpse Party,header(607).jpg
Corpse Party (2021),header(608).jpg
Corpse Party 2: Dead Patient,header(609).jpg
Counter-Strike: Condition Zero Deleted Scenes,header(610).jpg
CPUCores :: Maximize Your FPS,header(611).jpg
Craftopia / 创世理想乡,header_schinese(179).jpg
Crusader Kings III,header(612).jpg
Danganronpa 2: Goodbye Despair,header(613).jpg
Danganronpa: Trigger Happy Havoc,header(614).jpg
Dark Messiah of Might &amp; Magic Multi-Player,header(615).jpg
潜水员戴夫 DAVE THE DIVER,header(616).jpg
Day of Defeat: Source,header(617).jpg
DEATH STRANDING 2: ON THE BEACH,header(618).jpg
Deathmatch Classic,header(619).jpg
Deus Ex: Game of the Year Edition,header(620).jpg
Deus Ex: Invisible War,header(621).jpg
Deus Ex: Human Revolution - Director&#39;s Cut,header(622).jpg
Deus Ex: The Fall,header(623).jpg
Disco Elysium,header(624).jpg
蚀之境 Eclipsium,header_schinese(180).jpg
F.E.A.R.: Extraction Point,header(625).jpg
F.E.A.R.: Perseus Mandate,header(626).jpg
F.E.A.R. 3,header(627).jpg
Fallout 76 Public Test Server,header(628).jpg
Final DOOM,header(629).jpg
Ghost Watchers,header_schinese(181).jpg
GOAT OF DUTY,header(630).jpg
Grand Theft Auto III,header(631).jpg
Grand Theft Auto V 增强版,header_schinese(182).jpg
Grand Theft Auto: Vice City,header(632).jpg
Half-Life 2: Deathmatch,header(633).jpg
Half-Life Deathmatch: Source,header(634).jpg
Half-Life: Source,header(635).jpg
Hollowbody,header(636).jpg
Hyperdimension Neptunia Re;Birth2 Sisters Generation,header(637).jpg
Hyperdimension Neptunia Re;Birth3 V Generation,header(638).jpg
I Expect You To Die 3,header(639).jpg
《使命召唤®：现代战争® II 2022》,header(640).jpg
Killing Floor Mod: Defence Alliance 2,header(641).jpg
Left 4 Dead,header(642).jpg
Life is Strange: Before the Storm,header(643).jpg
Master Levels for DOOM II,header(644).jpg
Max Payne 2: The Fall of Max Payne,header(645).jpg
METAL GEAR SOLID MASTER COLLECTION Vol.2,header(646).jpg
Moonless Moon,header(647).jpg
Need for Speed™,header(648).jpg
Need for Speed™ Most Wanted,header(649).jpg
Need for Speed™ Payback,header(650).jpg
Need for Speed™ Rivals,header(651).jpg
No More Heroes 2: Desperate Struggle,header(652).jpg
不予播出 ( Not For Broadcast ),header_schinese(183).jpg
Outer Wilds,header(653).jpg
Outlast,header(654).jpg
Pavlov VR,header(655).jpg
PICO PARK,header(656).jpg
引擎坠落 Playtest,header(657).jpg
Prey: Typhon Hunter,header(658).jpg
Prince of Persia,header(659).jpg
Prince of Persia: Warrior Within,header(660).jpg
Prince of Persia: The Two Thrones,header(661).jpg
Project Warlock II,header(662).jpg
Project Winter,header(663).jpg
Resident Evil 5,header(664).jpg
RESIDENT EVIL RESISTANCE,header(665).jpg
Resident Evil Revelations,header(666).jpg
Resident Evil Revelations 2,header(667).jpg
Ricochet,header(668).jpg
ROMEO IS A DEAD MAN,header(669).jpg
Saints Row: The Third,header(670).jpg
Sakura Angels,header(671).jpg
Sakura Beach,header(672).jpg
Sakura Beach 2,header(673).jpg
Sakura Fantasy Chapter 1,header(674).jpg
Sakura Nova,header(675).jpg
Sakura Santa,header(676).jpg
Sakura Shrine Girls,header(677).jpg
Sakura Space,header(678).jpg
Sniper Ghost Warrior 2,header(679).jpg
Sniper Ghost Warrior 3,header(680).jpg
Sniper: Ghost Warrior,header(681).jpg
SOMA,header(682).jpg
Styx: Shards of Darkness,header(683).jpg
System Shock,header(684).jpg
Team Fortress Classic,header(685).jpg
上行战场 / The Ascent,header_schinese(184).jpg
Tomb Raider IV-VI Remastered,header(686).jpg
Ultimate Desktop Character Engine,header(687).jpg
Unknown 9: Awakening,header(688).jpg
真·女神转生Ⅴ Vengeance,header_schinese(185).jpg
Viewfinder,header(689).jpg
Viscera Cleanup Detail: Santa&#39;s Rampage,header(690).jpg
Viscera Cleanup Detail: Shadow Warrior,header(691).jpg
"Warhammer 40,000: Dawn of War - Dark Crusade",header(692).jpg
"Warhammer 40,000: Dawn of War - Soulstorm",header(693).jpg
"Warhammer 40,000: Dawn of War - Winter Assault",header(694).jpg
"Warhammer 40,000: Dawn of War II - Retribution",header(695).jpg
"Warhammer 40,000: Dawn of War II - Chaos Rising",header(696).jpg
"Warhammer 40,000: Gladius - Relics of War",header(697).jpg
暖雪 Warm Snow,header_schinese(186).jpg
Welcome to Doll Town,header(698).jpg
Wolfenstein 3D: Spear of Destiny,header(699).jpg
Wolfenstein: Enemy Territory,header(700).jpg
