游戏名称,英文名,总游戏时间,最后运行日期,成就完成情况,封面图片,黑名单
,MONMUSU,107.6 小时,2019年12月23日,12/12,,TRUE
Wallpaper Engine：壁纸引擎,Wallpaper Engine,569.6 小时,3月7日,14/17,header_schinese(1).jpg,TRUE
YARISUTEMESUBUTA ~ 一次性交易大师 ~,YARISUTEMESUBUTA,12 分钟,2025年11月10日,1/15,header_schinese(156).jpg,TRUE
007 初露锋芒,007: First Light,,,,header(585).jpg,
AI LIMIT 无限机兵,AI LIMIT,7.7 小时,2025年7月28日,5/39,header(167).jpg,
AI2U: 与你直到世界尽头 ~ 我的病娇猫娘AI女友,AI2U,98 分钟,2月15日,16/77,header_schinese(83).jpg,
Action对魔忍,Action Taimanin,10 分钟,2021年4月23日,,header(526).jpg,
Barotrauma 潜渊症,Barotrauma,30 分钟,2021年10月25日,1/76,header_schinese(127).jpg,
Brewmaster 酿酒大师,Brewmaster,26 分钟,2023年1月5日,2/54,header_schinese(132).jpg,
CATO 黄油猫,CATO: Buttered Cat,17 分钟,2025年4月21日,3/22,header_schinese(158).jpg,
Craftopia / 创世理想乡,Craftopia,,,0/50,header_schinese(179).jpg,
Draw &amp; Guess - 你画我猜,Draw & Guess,7.4 小时,2021年12月31日,,header(164).jpg,
Ghost of Tsushima导演剪辑版,Ghost of Tsushima DIRECTOR'S CUT,49.3 小时,1月1日,36/77,header(29).jpg,
Ghostrunner - 幽灵行者,Ghostrunner,19.3 小时,2023年10月25日,26/45,header(87).jpg,
Grand Theft Auto V 传承版,Grand Theft Auto V: Legacy Edition,192.1 小时,2021年8月4日,20/77,header(6).jpg,
Grand Theft Auto V 增强版,Grand Theft Auto V: Enhanced Edition,,,0/77,header_schinese(182).jpg,
JOJO的奇妙冒险 群星之战 重制版,JoJo's Bizarre Adventure: All-Star Battle R,2 小时,2025年10月24日,10/46,header(303).jpg,
MISERY核处逢生,MISERY,44 分钟,1月20日,0/29,header_schinese(109).jpg,
Marvel’s Avengers |《漫威复仇者》终极版,Marvel's Avengers,4.4 小时,2020年9月16日,12/50,header(223).jpg,
No Man's Sky 无人深空,No Man's Sky,4.2 小时,2024年7月29日,1/27,,
PAYDAY3 (收获日3),PAYDAY 3,19.6 小时,2023年10月8日,5/22,header(86).jpg,
Palworld / 幻兽帕鲁,Palworld,46 分钟,2024年2月9日,1/57,header_schinese(108).jpg,
Phasmophobia 恐鬼症,Phasmophobia,6.3 小时,2022年12月1日,0/54,header(176).jpg,
Rhythm Doctor 节奏医生,Rhythm Doctor,54 分钟,2021年9月4日,0/34,header_schinese(102).jpg,
SCP秘密实验室 / SCP: Secret Laboratory,SCP: Secret Laboratory,21 分钟,2019年12月14日,2/52,header(476).jpg,
Shotgun Cop Man - 霰弹警长,Shotgun Cop Man,33 分钟,2025年5月12日,7/21,header(434).jpg,
Squad - 公开测试服,Squad - Public Test Server,,,,,
Steelrising 钢之崛起,Steelrising,7 小时,2022年10月1日,12/55,header_schinese(44).jpg,
Subnautica - 深海迷航,Subnautica,4.4 小时,2018年6月6日,1/17,header_schinese(60).jpg,
UNYIELDER -不屈者-,UNYIELDER,56 分钟,2025年10月1日,0/61,header(369).jpg,
Valheim: 英灵神殿,Valheim,23 分钟,2021年4月23日,,header_schinese(137).jpg,
Vampire Survivors - 吸血鬼幸存者,Vampire Survivors,54 分钟,2025年10月27日,12/243,header_schinese(103).jpg,
Warframe 星际战甲,Warframe,7.9 小时,2022年4月10日,19/193,header(157).jpg,
"Warhammer 40,000: 星际战士2","Warhammer 40,000: Space Marine 2",23.1 小时,2月6日,29/50,header_schinese(20).jpg,
"Warhammer 40,000: 行商浪人","Warhammer 40,000: Rogue Trader",2.6 小时,2025年1月9日,1/106,header(277).jpg,
gogh: 虚拟形象与专注,gogh: Virtual Avatars & Focus,71.9 小时,1月27日,28/77,header_schinese(10).jpg,
《Need for Speed™ Heat,Need for Speed Heat,10 分钟,2022年10月3日,1/42,header(529).jpg,
"《Warhammer 40,000: Dawn of War》——周年纪念版","Warhammer 40,000: Dawn of War - Anniversary Edition",2.1 小时,2021年12月29日,,header(300).jpg,
"《Warhammer 40,000：混沌之门 - 恶魔猎人》","Warhammer 40,000: Chaosgate - Daemonhunters",12.2 小时,2023年4月12日,10/68,header(125).jpg,
《使命召唤®：现代战争® II 2022》,Call of Duty®: Modern Warfare® II (2022),,,0/24,header(640).jpg,
《守望先锋®》,Overwatch®,45 分钟,2023年8月16日,0/164,header(402).jpg,
《战地风云™ 2042》,Battlefield 2042,32.7 小时,2025年8月21日,15/34,header_schinese(15).jpg,
《战地风云™ 6》Beta 公测,Battlefield 6 Open Beta,26.3 小时,2025年8月17日,,header(62).jpg,
《文字游戏》,Word Game,25 分钟,2022年5月25日,2/59,header_schinese(133).jpg,
《星球大战 绝地：陨落的武士团™》,Star Wars Jedi: Fallen Order,21.1 小时,2021年2月13日,21/39,header(79).jpg,
《木卫四协议》,The Callisto Protocol,10.6 小时,2023年8月2日,20/46,header(135).jpg,
《极品飞车™：不羁》,Need for Speed Unbound,2.6 小时,2023年11月26日,7/41,header(278).jpg,
《极品飞车：热力追踪》重制版,Need for Speed: Hot Pursuit Remastered,,,0/66,header(584).jpg,
《法外枭雄：滚石城》Crime Boss: Rockay City,Crime Boss: Rockay City,5 小时,2025年6月19日,6/45,header(208).jpg,
《神力科莎：拉力》Assetto Corsa Rally,Assetto Corsa Rally,42 分钟,2025年11月27日,,header(414).jpg,
三角洲行动,Delta Force,13 分钟,2024年12月14日,0/53,header_schinese(152).jpg,
上行战场 / The Ascent,The Ascent,,,0/66,header_schinese(184).jpg,
不予播出 ( Not For Broadcast ),Not For Broadcast,,,0/95,header_schinese(183).jpg,
与史莱姆少女的奇妙日常,,1 分钟,2025年11月18日,,header_schinese(173).jpg,
与长生狐一起的30天,30 Days with the Immortal Fox,53 分钟,2025年11月8日,9/9,header_schinese(104).jpg,
与魅魔莉莉姆的同居生活,Living with Succubus Lilim,16 分钟,2020年12月28日,,header_schinese(145).jpg,
东方夜雀食堂 - Touhou Mystia's Izakaya,Touhou Mystia's Izakaya,28 分钟,2021年8月9日,0/141,,
为了吾王 / For The King,For The King,56.5 小时,2月17日,51/78,header_schinese(11).jpg,
主播女孩重度依赖,NEEDY STREAMER OVERLOAD,8 分钟,2022年4月5日,2/33,header_schinese(161).jpg,
主播女孩重度依赖 网络梗打字通,NEEDY STREAMER OVERLOAD: Internet Meme Typing,17 分钟,2025年12月3日,1/7,header_schinese(144).jpg,
乱欲牢城~监狱都市的花之少女~,Prison City of Chaos,3.8 小时,2025年4月22日,,header_schinese(65).jpg,
二分之一,One Half,30 分钟,2023年4月12日,1/49,header(443).jpg,
互联网原住民Internet Generation,Internet Generation,2.4 小时,2022年12月15日,18/20,header_schinese(76).jpg,
亚里莎的魔法书,,,,,header_schinese(177).jpg,
人中之龙 维新！极,Like a Dragon: Ishin!,12 分钟,2024年2月10日,1/56,header_schinese(154).jpg,
人中之龙7　光与暗的去向　国际版,Yakuza: Like a Dragon,26 分钟,2023年11月26日,0/63,header_schinese(131).jpg,
人中之龙０　誓约的场所,Yakuza 0,27 分钟,2024年4月4日,1/55,header_schinese(130).jpg,
人类一败涂地 / Human Fall Flat,Human Fall Flat,13.9 小时,2020年5月23日,27/151,header_schinese(25).jpg,
仁王 Complete Edition,Nioh: Complete Edition,9.1 小时,2020年3月7日,5/79,header(143).jpg,
仙肴圣餐,Celestial Cuisine,64 分钟,2024年10月10日,,header_schinese(98).jpg,
作死吧！UP主！,Die Streamer!,11 分钟,2022年10月4日,,header_schinese(157).jpg,
你妈,Your Mom,9 分钟,1月9日,7/12,header_schinese(159).jpg,
你的另一个老婆,,3 分钟,1月9日,1/20,header_schinese(165).jpg,
使命召唤®,Call of Duty®,91.1 小时,2025年10月11日,21/157,header_schinese(7).jpg,
修女露米娜与催眠教团,Sister Lumina and the Hypnosis Cult,99 分钟,2024年10月10日,,header_schinese(82).jpg,
催眠公主骑士,Hypnosis Princess Knight,42 分钟,2月7日,,header_schinese(112).jpg,
光明记忆,Bright Memory,82 分钟,2019年12月28日,6/12,header_schinese(87).jpg,
光明记忆：无限,Bright Memory: Infinite,32 分钟,2023年9月23日,0/30,header_schinese(126).jpg,
公主养成计划,Princess Maker Refine,4.2 小时,2023年12月20日,,header_schinese(61).jpg,
共享委员长,Sharing Class President,3.8 小时,2022年9月25日,,header_schinese(66).jpg,
关于我转生变成魅魔这档事,About My Reincarnation as a Succubus,63 分钟,2024年1月21日,,header_schinese(99).jpg,
冒失巫女与魅魔之岛,,1 分钟,2025年11月18日,,header_schinese(171).jpg,
冠位功夫娘,Grand Order Kung Fu Girl,19 分钟,2022年9月26日,,header_schinese(140).jpg,
冲就完事模拟器,Just Rush Simulator,5.7 小时,2022年10月2日,3/100,header_schinese(50).jpg,
列维坦,Leviathan,23 分钟,2020年5月20日,0/31,header_schinese(135).jpg,
刺客信条：影,Assassin's Creed Shadows,10.3 小时,2025年4月14日,12/72,header_schinese(38).jpg,
刺客信条：起源,Assassin's Creed Origins,102.3 小时,2021年7月26日,46/67,header(13).jpg,
剑星,Stellar Blade,75 分钟,2025年6月13日,2/45,header(350).jpg,
加把劲魔女,Go Go Witch!,4.6 小时,2月9日,11/31,header_schinese(59).jpg,
动物之鬪,Fight of Animals,47 分钟,2023年10月5日,3/21,header(393).jpg,
勇者被宠坏的奇幻世界RPG,,4 分钟,2025年11月8日,,header_schinese(164).jpg,
千恋＊万花,Senren*Banka,6 分钟,2025年2月12日,4/26,header_schinese(163).jpg,
博德之门3,Baldur's Gate 3,2.9 小时,2023年9月19日,1/54,header(259).jpg,
原子之心,Atomic Heart,21.9 小时,2023年8月3日,30/69,header(72).jpg,
友尽高尔夫,Golf With Your Friends,70 分钟,2018年12月15日,4/83,header(353).jpg,
双人成行,It Takes Two,10.4 小时,2021年4月10日,7/20,header_schinese(33).jpg,
双影奇境,Split Fiction,14.7 小时,2025年5月2日,8/20,header(109).jpg,
双点医院,Two Point Hospital,44 分钟,2023年11月29日,1/61,header_schinese(115).jpg,
合金天使：堕入伊甸,Metal Angel: Descent into Eden,43 分钟,2025年9月10日,1/26,header(411).jpg,
吉星派对,Lucky Star Party,41 分钟,2025年8月10日,,header_schinese(113).jpg,
命运2,Destiny 2,100.5 小时,2022年9月14日,12/23,header_schinese(6).jpg,
喋血复仇,Back 4 Blood,3.2 小时,2021年10月25日,11/93,header(250).jpg,
嗜血印 Bloody Spell,Bloody Spell,2.5 小时,2024年8月17日,0/60,header_schinese(73).jpg,
围攻,Besiege,5 小时,2017年7月26日,0/50,header_schinese(55).jpg,
在校工室与JK共度的日常,Days with JK in the School Workshop,2.6 小时,2025年11月11日,5/5,header_schinese(72).jpg,
堕落之城莱蒂达亚,Fallen City Letidaia,35 分钟,2023年12月20日,,header_schinese(119).jpg,
堕落少女：焰发的玛琪娜与遗迹之城,Fallen Makina and the City of Ruins,31.9 小时,2023年12月20日,33/34,header_schinese(16).jpg,
塔罗斯的法则,The Talos Principle,,,0/40,header(594).jpg,
天国：拯救2,Kingdom Come: Deliverance II,60.5 小时,1月15日,23/83,header(23).jpg,
夺宝奇兵：古老之圈,Indiana Jones and the Great Circle,42 分钟,2025年8月5日,1/55,header_schinese(129).jpg,
奥拓星球 / Autonauts,Autonauts,12 分钟,2024年1月17日,0/26,header_schinese(155).jpg,
奥拓星球：强敌 / Autonauts VS. Piratebots,Autonauts vs Piratebots,2.2 小时,2023年7月4日,0/29,header_schinese(77).jpg,
女忍者牡丹,Female Ninja Botan,12 分钟,2019年2月6日,5/30,header_schinese(153).jpg,
女神异闻录4 无敌究极后桥背摔,Persona 4 Arena Ultimax,4.3 小时,2024年4月3日,3/51,header(226).jpg,
女神异闻录5皇家版,Persona 5 Royal,11.1 小时,2024年9月19日,14/53,header_schinese(31).jpg,
女神异闻录３ Reload,Persona 3 Reload,76.9 小时,2025年10月23日,52/56,header(15).jpg,
女神异闻录３ 携带版,Persona 3 Portable,20 分钟,2024年3月7日,0/36,header(478).jpg,
女神异闻录４ 黄金版,Persona 4 Golden,3.9 小时,2024年6月6日,3/50,header(234).jpg,
女神异闻录５ 战略版,Persona 5 Tactica,2.7 小时,2024年3月30日,3/40,header_schinese(69).jpg,
女装神话,Silly Polly Beast,3 分钟,2020年8月10日,,header_schinese(166).jpg,
女裝神社,Slaughter Furnace,1 分钟,2020年8月10日,,header(570).jpg,
女魔王梅丽莎的冒险,Demon Queen Melissa's Adventure,118 分钟,2023年7月10日,,header_schinese(79).jpg,
奴隶之剑,Slave's Sword,37 分钟,2019年1月22日,,header_schinese(117).jpg,
妹相随～黑白世界的缤纷冒险～,Imouto Connect ~Colorful Adventures in a Black & White World~,19.8 小时,2025年2月23日,,header_schinese(24).jpg,
姬械技师 莉斯塔的大冒险,Mecha Technician Rista's Grand Adventure,13 分钟,2024年10月5日,,header_schinese(151).jpg,
孤女困魇,Saya no Uta ~ The Song of Saya,,,0/32,header(590).jpg,
孤狼 OTXO,OTXO,17 分钟,2024年4月2日,1/18,header(492).jpg,
宝藏猎人克莱儿,Treasure Hunter Claire,12.8 小时,2022年9月25日,,header_schinese(29).jpg,
小缇娜的奇幻之地,Tiny Tina's Wonderlands,2.9 小时,2022年10月25日,7/47,header(263).jpg,
小骨：英雄杀手(Skul: The Hero Slayer),Skul: The Hero Slayer,20 分钟,2021年2月6日,2/101,header(485).jpg,
少女怪盗赛丽安娜,Phantom Thief Celianna,5.6 小时,2025年11月7日,,header_schinese(52).jpg,
崩坏3,Honkai Impact 3rd,4.1 小时,2023年1月19日,,header_schinese(64).jpg,
巫师 3：狂猎,The Witcher 3: Wild Hunt,122.4 小时,2025年12月27日,44/78,header_schinese(4).jpg,
帕斯卡契约：终极版,Pascal's Wager: Definitive Edition,51 分钟,2021年3月20日,4/82,header_schinese(106).jpg,
帝国入境所,Imperial Immigration Bureau,106 分钟,2022年9月25日,,header_schinese(80).jpg,
幽灵行动：荒野,Tom Clancy's Ghost Recon Wildlands,14.9 小时,2021年12月24日,0/57,header(106).jpg,
幽灵行者 2（Ghostrunner 2）,Ghostrunner 2,8.5 小时,2023年10月25日,16/34,header_schinese(39).jpg,
底层公会前台小姐的接客之道,,1 分钟,2025年11月18日,,header_schinese(169).jpg,
廖添丁：绝代凶贼之末日,The Legend of Tianding,,,0/26,header(592).jpg,
引擎坠落 Playtest,Engine Fall Playtest,,,,header(657).jpg,
彩虹六号：围攻,Tom Clancy's Rainbow Six Siege,"1,202.7 小时",2023年11月2日,0/48,header_schinese.jpg,
影子武士2,Shadow Warrior 2,36.7 小时,2024年8月28日,35/64,header(44).jpg,
影子武士3：决定版,Shadow Warrior 3: Definitive Edition,3.4 小时,2022年4月10日,28/38,header(241).jpg,
循环勇士,Loop Hero,89 分钟,2月9日,4/50,header(335).jpg,
恐怖的世界,World of Horror,103 分钟,2023年10月26日,,header(324).jpg,
恶魔轮盘,Buckshot Roulette,72 分钟,2025年11月27日,2/16,header_schinese(91).jpg,
惩戒魅魔,Punishing Succubus,3.6 小时,2024年8月18日,0/3,,
愤怒的大脚,Anger Foot,33 分钟,2024年7月15日,1/30,header_schinese(123).jpg,
我的朋友佩德罗,My Friend Pedro,4.4 小时,2025年5月8日,19/30,header(221).jpg,
战地风云™ 6,Battlefield 6,26.6 小时,2025年11月15日,12/53,header(61).jpg,
战锤40K：暗潮,Warhammer 40000: Darktide,47.9 小时,2月1日,17/36,header(31).jpg,
戴森球计划,Dyson Sphere Program,9.6 小时,2021年6月24日,0/128,header_schinese(37).jpg,
指尖疾速：打字狂潮,Typing Frenzy,23 分钟,2月2日,0/68,header_schinese(136).jpg,
指尖碎裂,Finger Shatter,33 分钟,2月3日,2/37,header_schinese(124).jpg,
控制 - 终极合辑 / Control Ultimate Edition,Control Ultimate Edition,2.7 小时,2021年1月3日,21/67,header(272).jpg,
放松时光：与你共享Lo-Fi故事,Chill Vibes: Lo-Fi Story Shared with You,81 小时,1月3日,16/23,header_schinese(9).jpg,
救命！怎么又塌了!,Help! It Collapsed Again!,34 分钟,2025年11月29日,2/29,header_schinese(121).jpg,
文字化化：Homicipher,Homicipher,2.5 小时,2024年11月27日,,header_schinese(75).jpg,
无主之地3,Borderlands 3,49.8 小时,2023年6月7日,47/81,header(28).jpg,
无主之地®4,Borderlands® 4,11.2 小时,2025年9月26日,4/46,header(131).jpg,
时间旅者：重生曙光,Time Traveler: Dawn of Rebirth,19 分钟,1月11日,2/47,header(486).jpg,
星球大战™：战机中队,Star Wars: Squadrons,43 分钟,2023年11月28日,1/47,header_schinese(110).jpg,
暖雪 Warm Snow,Warm Snow,,,0/158,header_schinese(186).jpg,
暗喻幻想：ReFantazio,Metaphor: ReFantazio,4.7 小时,2024年10月13日,6/44,header(212).jpg,
最强☆天使 沙利叶！,,1 分钟,2025年11月18日,,header_schinese(174).jpg,
机战佣兵™VI 境界天火™,ARMORED CORE VI FIRES OF RUBICON,27.7 小时,1月20日,14/30,header_schinese(18).jpg,
机械战警：暴戾都市,RoboCop: Rogue City,4.7 小时,2025年7月24日,15/27,header_schinese(67).jpg,
東方天空璋 ～ Hidden Star in Four Seasons.,Touhou 16: Hidden Star in Four Seasons,52 分钟,2018年1月28日,,header(379).jpg,
東方憑依華　～ Antinomy of Common Flowers.,Touhou 15.5: Antinomy of Common Flowers,4.7 小时,2018年7月29日,,header(213).jpg,
极限竞速：地平线 4,Forza Horizon 4,10.4 小时,2024年10月6日,19/178,header_schinese(34).jpg,
极限竞速：地平线 5,Forza Horizon 5,52.7 小时,3月10日,50/164,header(27).jpg,
枪火重生,Gunfire Reborn,12.9 小时,2022年9月13日,49/134,header_schinese(28).jpg,
枪豆人 Playtest,Beangun Playtest,19 分钟,2024年8月18日,,header_schinese(141).jpg,
桌面萌娘MMD,Desktop Moe MMD,12.2 小时,2020年6月3日,,,
梦魇骑士 ~圣洁少女与堕落魔法~,,1 分钟,2025年11月18日,,header_schinese(172).jpg,
检疫区：最后一站,Quarantine Zone: Last Stop,77 分钟,1月15日,10/25,header_schinese(89).jpg,
武士 零,Katana ZERO,95 分钟,2025年5月3日,0/22,header(331).jpg,
武装突袭3,Arma 3,25 分钟,2020年4月21日,2/123,header_schinese(134).jpg,
死亡空间,Dead Space,24.7 小时,2024年6月19日,40/47,header(68).jpg,
死域Rogue,Dead Domain Rogue,2.1 小时,2025年5月16日,14/58,header_schinese(78).jpg,
沙威玛传奇 - Shawarma Legend,Shawarma Legend,69 分钟,2024年10月3日,,header_schinese(94).jpg,
沙耶之歌,,,,,header(593).jpg,
没票？下车！,No Ticket? Get Off!,7 分钟,2025年9月30日,2/71,header_schinese(162).jpg,
流氓软件,Rogue Software,95 分钟,2024年9月23日,4/16,header(330).jpg,
海参2,Sea Cucumber 2,88 分钟,2024年9月24日,11/49,header_schinese(84).jpg,
消逝的光芒2: 重装上阵版,Dying Light 2 Stay Human: Reloaded Edition,32.9 小时,2025年6月18日,32/65,header_schinese(14).jpg,
消逝的光芒：困兽,Dying Light: The Beast,28.6 小时,2025年10月1日,16/35,header(55).jpg,
深岩银河,Deep Rock Galactic,23.1 小时,2023年3月16日,16/69,header_schinese(19).jpg,
深海迷航：冰点之下,Subnautica: Below Zero,2.1 小时,2021年6月19日,3/13,header(295).jpg,
深红之狱的女剑士 - 蒂娜,Swordswoman of the Crimson Prison - Tina,103 分钟,2019年8月31日,,header_schinese(81).jpg,
漫威争锋,Marvel Rivals,55 分钟,2024年12月14日,0/49,header_schinese(101).jpg,
漫威暗夜之子,Marvel's Midnight Suns,17.2 小时,2023年2月14日,14/72,header(94).jpg,
潜水员戴夫 DAVE THE DIVER,DAVE THE DIVER,,2024年1月8日,6/43,header(616).jpg,
潜行者2：切尔诺贝利之心,S.T.A.L.K.E.R. 2: Heart of Chornobyl,11.8 小时,1月20日,10/58,header(128).jpg,
火线迈阿密,Hotline Miami,45 分钟,2022年9月25日,4/35,header(403).jpg,
火线迈阿密2：空号,Hotline Miami 2: Wrong Number,53 分钟,2024年10月29日,1/29,header(375).jpg,
灾难实验室,Disaster Lab,73 分钟,2022年9月23日,13/22,header_schinese(90).jpg,
炼金术士柯蕾特：精华炼成物语,Atelier Colette: The Story of Essence Alchemy,10.4 小时,2023年12月20日,,header_schinese(35).jpg,
烧肉模拟器,Yakiniku Simulator,40 分钟,2025年11月15日,0/20,header(418).jpg,
狙击手：幽灵战士契约,Sniper Ghost Warrior Contracts,,,0/40,header(591).jpg,
狙击手：幽灵战士契约 2,Sniper Ghost Warrior Contracts 2,43 分钟,2025年7月12日,6/43,header(410).jpg,
猎杀：对决 1896,Hunt: Showdown 1896,12.7 小时,2022年2月15日,8/36,header(121).jpg,
猎杀：对决 1896（测试服),Hunt: Showdown 1896 (Test Server),,,0/8,header(587).jpg,
生化奇兵 重制版,BioShock Remastered,113 分钟,2019年5月27日,8/65,header(311).jpg,
生化奇兵2 重制版,BioShock 2 Remastered,,,0/53,header(588).jpg,
生化奇兵：无限 完全版,BioShock Infinite: The Complete Edition,8.7 小时,2020年7月12日,26/80,header(147).jpg,
生死狙击2,Death Sniper 2,7.3 小时,2022年10月6日,,header_schinese(42).jpg,
电车解题,Trolley Problem Inc.,32 分钟,2025年10月1日,1/13,header_schinese(125).jpg,
相声模拟器,Crosstalk Simulator,89 分钟,2024年3月5日,36/56,header_schinese(85).jpg,
真·女神转生Ⅴ Vengeance,Shin Megami Tensei V: Vengeance,,,0/48,header_schinese(185).jpg,
真人快打 1,Mortal Kombat 1,45.6 小时,2月10日,40/50,header(39).jpg,
破门而入2：北方特遣队,Door Kickers 2: Task Force North,20 小时,3月11日,14/81,header_schinese(23).jpg,
破门而入：行动小队,Door Kickers: Action Squad,4.8 小时,2021年2月23日,18/51,header_schinese(57).jpg,
碧海黑帆,Skull and Bones,2.5 小时,2025年10月26日,7/50,header(282).jpg,
神乐幸存者：永夜,Kagura Survivors: Endless Night,6.1 小时,2025年11月20日,53/108,header_schinese(47).jpg,
神力科莎：竞速 Assetto Corsa Competizione,Assetto Corsa Competizione,8 分钟,2025年11月27日,,header(537).jpg,
神界：原罪2 - 终极版,Divinity: Original Sin 2 - Definitive Edition,47 小时,2022年8月6日,35/97,header(35).jpg,
笼中窥梦 Moncage,Moncage,70 分钟,2021年11月22日,8/15,header_schinese(92).jpg,
米塔 MiSide,MiSide,6 小时,2025年3月14日,15/26,header_schinese(49).jpg,
米拉与奇妙的炼金术,,2 分钟,2022年9月24日,,header_schinese(167).jpg,
红怪,Red Monster,31 分钟,2020年8月7日,6/21,header(439).jpg,
纪元: 变异,Anno: Mutationem,2.6 小时,2022年3月22日,11/36,header_schinese(71).jpg,
终点咖啡馆,Terminal Cafe,38 分钟,2024年6月5日,2/11,header_schinese(116).jpg,
绯红结系,SCARLET NEXUS,10 小时,2021年6月26日,11/53,header(140).jpg,
编程农场,Autofarm,11.7 小时,2025年12月31日,22/59,header_schinese(30).jpg,
美少女万华镜 -理与迷宫的少女-,Bishoujo Mangekyou -Reason and the Girl in the Labyrinth-,14 分钟,2021年10月19日,,header_schinese(150).jpg,
致命解药,Lethal Cure,5.3 小时,1月20日,0/18,header(201).jpg,
致命解药 测试版,Lethal Cure Demo,4.8 小时,2024年10月7日,3/19,header(211).jpg,
艾妮希雅与契约纹 ～马蹄大街的娇弱圣女～,Anecia and the Contract Seal,10.2 小时,2024年9月6日,,header_schinese(36).jpg,
艾尔登法环,ELDEN RING,227.1 小时,2025年8月13日,42/42,header(4).jpg,
艾尔登法环 黑夜君临,ELDEN RING Shadow of the Erdtree,114.2 小时,1月6日,37/37,header(11).jpg,
艾蜜莉的堕落轮回～魔法学院与永无止尽的一周～,Emily's Fallen Loop,20 分钟,2月6日,1/3,header_schinese(138).jpg,
芙哇芙哇女仆咖啡厅,Fluffy Maid Cafe,15 分钟,2025年7月21日,0/28,header_schinese(149).jpg,
花开之魔种,Blooming Seed of the Demon,7.2 小时,2024年1月1日,10/12,header_schinese(43).jpg,
若不疯魔何言爱过,If Not Mad How Could We Love,8 分钟,2025年5月8日,,header_schinese(160).jpg,
药剂工艺：炼金模拟器,Potion Craft: Alchemist Simulator,,,0/29,header_schinese(178).jpg,
莉洁与试练之城,,1 分钟,2025年11月18日,,header_schinese(170).jpg,
葬花·暗黑桃花源,Funeral Flowers: Dark Utopia,88 分钟,2021年10月25日,6/34,header_schinese(86).jpg,
虐杀熔炉,,,,0/41,header_schinese(176).jpg,
虚拟桌宠模拟器,VPet Simulator,30.8 小时,2025年10月7日,33/75,header(51).jpg,
虚空列车,Void Train,12.2 小时,2024年1月20日,0/55,header(124).jpg,
蚀之境 Eclipsium,Eclipsium,,,0/11,header_schinese(180).jpg,
袜罪并罚！,Sockventure,4.8 小时,2025年8月17日,0/31,header_schinese(58).jpg,
装机模拟器 (PC Building Simulator),PC Building Simulator,11 小时,2025年5月12日,12/94,header_schinese(32).jpg,
触手星人异界创业记,Tentacle Alien's Otherworldly Business,5.5 小时,2025年11月7日,,header_schinese(54).jpg,
诡野西部: 决定版,Weird West: Definitive Edition,38 分钟,2022年5月20日,2/53,header(421).jpg,
诺艾尔会努力的！,Noel Will Do Her Best!,4.8 小时,2023年12月20日,,header_schinese(56).jpg,
赛博朋克 2077,Cyberpunk 2077,174.9 小时,2024年12月4日,33/57,header_schinese(3).jpg,
超级鸡马,Ultimate Chicken Horse,4 小时,2018年6月24日,6/31,header(229).jpg,
超自然车旅 Pacific Drive,Pacific Drive,66 分钟,2025年9月30日,5/49,header_schinese(96).jpg,
超阈限空间 Superliminal,Superliminal,43 分钟,2023年1月10日,1/27,header_schinese(111).jpg,
越来越黑暗 Dark and Darker,Dark and Darker,7 分钟,2024年8月17日,,header(543).jpg,
边境,BOUNDARY,5.5 小时,2024年1月16日,,header_schinese(53).jpg,
边缘世界 RimWorld,RimWorld,3.9 小时,2月24日,,header(231).jpg,
近畿霊務局,Kinki Spiritual Affairs Bureau,3.5 小时,1月26日,,header(238).jpg,
返校,Detention,,,0/8,,
迷走深空：碎舰师,Hardspace: Shipbreaker,2.7 小时,2024年4月22日,0/27,header(271).jpg,
逃离鸭科夫,DUCKSIDE,13.2 小时,2月2日,26/55,header_schinese(26).jpg,
遗迹2,Remnant II,36.7 小时,2024年5月7日,36/65,header(43).jpg,
遗迹探索者,Relic Seeker,48 分钟,2020年6月18日,,header_schinese(107).jpg,
遗迹：灰烬重生,Remnant: From the Ashes,15.2 小时,2023年8月3日,31/50,header(104).jpg,
都市传说解体中心,Urban Myth Dissolution Center,8.9 小时,2025年5月18日,3/6,header_schinese(114).jpg,
释放自我！户外直播体验,Free Yourself! Outdoor Streaming,82 分钟,2025年10月30日,4/5,header_schinese(88).jpg,
阿尔迪亚之塔,Tower of Ardia,35 分钟,2024年1月21日,,header_schinese(118).jpg,
雅皮士精神,Yuppie Psycho,5.5 小时,2021年12月24日,13/48,header(190).jpg,
雨中冒险 2,Risk of Rain 2,21.2 小时,2022年8月4日,34/171,header_schinese(22).jpg,
雨夜迷醉时～A night filled with the sound of rain～,A Night Filled with the Sound of Rain,15 分钟,2025年10月1日,,header_schinese(147).jpg,
零 ～濡鸦之巫女～,FATAL FRAME / PROJECT ZERO: Maiden of Black Water,,,0/39,header_schinese(175).jpg,
非常普通的鹿 DEEEER Simulator,DEEEER Simulator,27 分钟,2025年1月22日,2/17,header(452).jpg,
音灵 INVAXION,INVAXION,3.6 小时,2019年5月27日,5/99,header_schinese(68).jpg,
饥荒联机版,Don't Starve Together,17 分钟,2019年2月9日,,header_schinese(143).jpg,
饿殍：明末千里行,Starving: A Thousand Miles in Late Ming,33 分钟,2024年9月23日,0/16,header_schinese(122).jpg,
高塔之城的莉兹,Liz of the Tower City,7.3 小时,2022年8月22日,22/22,header_schinese(41).jpg,
魅魔之森~我被魔物娘包围了~,Succubus Forest ~Surrounded by Monster Girls~,2.5 小时,2025年3月16日,,header_schinese(74).jpg,
魔女的夜宴,Witch's Night Feast,11 分钟,2025年3月7日,5/50,header(520).jpg,
魔导士蒂亚与不可思议的大图书馆,Mage Tia and the Mysterious Grand Library,5.7 小时,2023年12月20日,,header_schinese(51).jpg,
魔斗姬莉斯缇亚,Battle Mage Ristia,15 分钟,2022年8月21日,,header_schinese(146).jpg,
魔法·勇者·大冒险！,Magic Hero Adventure!,2.7 小时,2025年11月8日,,header_schinese(70).jpg,
黎明前20分钟,20 Minutes Till Dawn,,,0/34,header(589).jpg,
黎明杀机,Dead by Daylight,44.7 小时,2024年7月26日,44/294,header(37).jpg,
黑神话：悟空,Black Myth: Wukong,23 小时,2024年8月27日,27/81,header_schinese(21).jpg,
黑色幸存者,Black Survival,35 分钟,2019年4月27日,,header_schinese(120).jpg,
黯蚀之魔女,,1 分钟,2月6日,,header_schinese(168).jpg,
,12 is Better Than 6,,,0/46,header(586).jpg,
,3DMark,4.4 小时,2025年4月8日,7/29,header(225).jpg,
,7 Days to Die,21.2 小时,2022年3月16日,23/43,header(78).jpg,
,A Fistful of Gun,8 分钟,2016年10月22日,2/13,header(538).jpg,
,A Story About My Uncle,8.7 小时,2017年8月15日,0/15,header(146).jpg,
,A Way Out,2 分钟,2021年4月17日,0/14,header(569).jpg,
,ACE COMBAT™7: SKIES UNKNOWN,35 分钟,2024年9月26日,2/49,header(427).jpg,
,Agents of Mayhem,2.5 小时,2017年10月26日,10/49,header(279).jpg,
,Aim Hero,38 分钟,2021年5月15日,,header(422).jpg,
,Aimlabs,69 分钟,2021年9月18日,5/100,header(355).jpg,
,Alan Wake,8.6 小时,2025年10月30日,29/67,header(150).jpg,
,Alan Wake's American Nightmare,47 分钟,2023年12月22日,2/12,,
,Alice: Madness Returns,8.4 小时,2022年3月23日,,header(153).jpg,
,Aliens: Fireteam Elite,91 分钟,2025年5月5日,8/46,header(332).jpg,
,ANIMAL WELL,9 分钟,2024年9月17日,2/20,header(531).jpg,
,APB Reloaded,2.8 小时,2016年11月20日,0/60,header(267).jpg,
,Aperture Desk Job,32 分钟,2022年10月21日,,header(437).jpg,
,Apex Aim Trainer,42 分钟,2021年5月30日,,header(413).jpg,
,Apex Legends,289 小时,2024年5月14日,12/12,header(1).jpg,
,Aragami,7.8 小时,2017年10月20日,22/51,header(161).jpg,
,Arizona Sunshine,3.5 小时,2019年12月13日,19/48,header(239).jpg,
,ARK: Survival Evolved,20.1 小时,2021年9月26日,3/32,header(84).jpg,
,ARK: Survival Of The Fittest,1 分钟,2016年9月9日,,header(571).jpg,
,Arx Fatalis,,,,header(595).jpg,
,Aseprite,,,,header(596).jpg,
,Assassin's Creed Liberation,65 分钟,2017年3月30日,0/30,,
,Assassin's Creed Rogue,7.9 小时,2017年7月20日,0/46,,
,Assassin's Creed® III,15.9 小时,2017年5月25日,0/44,,
,ASTRONEER,7.2 小时,2021年9月18日,7/56,header(166).jpg,
,Audioshield,47 分钟,2019年1月8日,,header(395).jpg,
,Baba Is You,109 分钟,2023年3月10日,0/18,header(317).jpg,
,Banana,64.6 小时,2024年6月19日,1/76,header(20).jpg,
,Batman: Arkham Asylum GOTY Edition,5 分钟,2020年1月20日,0/47,header(550).jpg,
,Batman: Arkham City GOTY,4.6 小时,2023年7月7日,6/64,header(217).jpg,
,Batman™: Arkham Knight,11.3 小时,2023年7月5日,15/113,header(130).jpg,
,BattleBit Remastered Playtest,77 分钟,2023年6月10日,,header(346).jpg,
,Bayonetta,2.1 小时,2022年10月11日,5/50,header(296).jpg,
,Beat Saber,57.2 小时,3月10日,12/26,header(25).jpg,
,Ben and Ed,90 分钟,2017年7月30日,2/19,header(334).jpg,
,Bendy and the Dark Revival,,,0/38,header(597).jpg,
,Beyond Good &amp; Evil,19 分钟,2022年5月17日,,header(487).jpg,
,BioShock,,,,header(598).jpg,
,BioShock 2,,,0/68,header(599).jpg,
,Black Mesa,10.1 小时,2022年10月22日,7/50,header(139).jpg,
,Blade &amp; Sorcery,5.3 小时,2月3日,0/37,header(202).jpg,
,BlazBlue Cross Tag Battle,49 分钟,2021年6月27日,5/42,header(385).jpg,
,Blender,8.5 小时,2025年11月13日,,header(151).jpg,
,Bloodstained: Ritual of the Night,32 分钟,2019年12月20日,1/57,header(438).jpg,
,Bomb Rush Cyberfunk,57 分钟,2024年4月13日,0/23,header(367).jpg,
,BONEWORKS,9 小时,2020年12月30日,0/16,header(145).jpg,
,Boomerang X,25 分钟,2025年10月2日,8/60,header(458).jpg,
,Borderlands 2,41.4 小时,2019年9月29日,31/75,header(41).jpg,
,BOXVR,46 分钟,2019年12月11日,3/22,header(400).jpg,
,BrainBread 2,24 分钟,2017年1月1日,0/100,header(463).jpg,
,Broforce,5.7 小时,2022年9月11日,5/17,header(182).jpg,
,Budget Cuts,2 小时,2018年6月21日,0/30,header(301).jpg,
,Bulletstorm: Full Clip Edition,17 分钟,2023年2月4日,0/60,header(489).jpg,
,Bully: Scholarship Edition,13.3 小时,2024年8月15日,,header(115).jpg,
,Call of Duty 4: Modern Warfare (2007),6.1 小时,2023年3月27日,,header(177).jpg,
,Call of Duty: Modern Warfare 2 (2009),4 分钟,2022年8月31日,0/50,,
,Call of Duty: Modern Warfare 2 (2009) - Multiplayer,,,,header(600).jpg,
,Call of Duty®: Black Ops Cold War,13.6 小时,2023年3月29日,17/44,header(114).jpg,
,Call of Duty®: Modern Warfare® 3 (2011),,,0/76,header(601).jpg,
,Call of Duty®: Modern Warfare® 3 (2011) - Multiplayer,,,,,
,Call of Juarez,7 分钟,2020年6月5日,,header(542).jpg,
,Call of Juarez Gunslinger,48 分钟,2020年6月5日,4/26,header(389).jpg,
,Call of Juarez: Bound in Blood,,,,header(602).jpg,
,Catherine Classic,2 分钟,2021年7月12日,0/50,header(562).jpg,
,Choo-Choo Charles,2.8 小时,2022年12月15日,22/25,header(265).jpg,
,Cities: Skylines,15 分钟,2021年2月14日,1/135,header_schinese(148).jpg,
,Cloudpunk,27 分钟,2021年7月20日,6/79,header(451).jpg,
,CODE VEIN,21.8 小时,2025年3月27日,21/43,header(74).jpg,
,Company of Heroes,89 分钟,2021年12月28日,,header(336).jpg,
,Company of Heroes - Legacy Edition,,,,header(603).jpg,
,Company of Heroes 2,,,0/452,header(604).jpg,
,Company of Heroes: Eastern Front,28 分钟,2021年12月28日,0/42,header(449).jpg,
,Company of Heroes: Opposing Fronts,,,,header(605).jpg,
,Company of Heroes: Tales of Valor,,,,header(606).jpg,
,Contraband Police,9 分钟,2024年12月1日,0/93,header(532).jpg,
,Corpse Party,,,0/17,header(607).jpg,
,Corpse Party (2021),,,0/33,header(608).jpg,
,Corpse Party 2: Dead Patient,,,0/10,header(609).jpg,
,Counter Fight,20 分钟,2023年8月3日,,header(479).jpg,
,Counter-Strike,3 分钟,2021年4月23日,,header(558).jpg,
,Counter-Strike 2,46 小时,1月28日,1/1,header_schinese(13).jpg,
,Counter-Strike: Condition Zero,3 分钟,2024年1月16日,,header(559).jpg,
,Counter-Strike: Condition Zero Deleted Scenes,,,,header(610).jpg,
,Counter-Strike: Source,4 分钟,2024年1月16日,1/147,header(554).jpg,
,CPUCores :: Maximize Your FPS,,,0/28,header(611).jpg,
,Crazy Taxi,26 分钟,2024年6月30日,0/12,header(455).jpg,
,Crime Scene Cleaner,7.8 小时,2025年9月26日,32/68,header(160).jpg,
,Crosshair X,21.7 小时,3月5日,,header(75).jpg,
,Crusader Kings III,,,0/188,header(612).jpg,
,Crypt of the NecroDancer,12 分钟,2019年6月26日,0/61,header(514).jpg,
,Cuphead,51 分钟,2022年3月14日,0/42,header(381).jpg,
,Cyberdimension Neptunia: 4 Goddesses Online,8 小时,2020年1月27日,28/50,header(155).jpg,
,Danganronpa 2: Goodbye Despair,,,0/47,header(613).jpg,
,Danganronpa: Trigger Happy Havoc,,,0/38,header(614).jpg,
,Dark Elf,5.5 小时,2019年7月20日,,header(192).jpg,
,Dark Messiah of Might &amp; Magic Multi-Player,,,,header(615).jpg,
,Dark Messiah of Might &amp; Magic Single Player,14 分钟,2020年8月10日,,header(507).jpg,
,DARK SOULS™ II,12.6 小时,2018年9月21日,8/38,header(123).jpg,
,DARK SOULS™ II: Scholar of the First Sin,60 小时,2月5日,23/38,header(26).jpg,
,DARK SOULS™ III,241.6 小时,2025年11月21日,36/43,header(2).jpg,
,DARK SOULS™: REMASTERED,72.2 小时,2021年11月9日,29/41,header(17).jpg,
,Darkest Dungeon®,4.9 小时,2024年4月13日,13/120,header(209).jpg,
,Darkest Dungeon® II,17 小时,2024年5月16日,31/121,header(95).jpg,
,Day of Defeat,2 分钟,2018年8月23日,,header(563).jpg,
,Day of Defeat: Source,,,0/54,header(617).jpg,
,Days Gone,5.7 小时,2021年5月31日,9/67,header(183).jpg,
,Dead Cells,20.4 小时,2021年4月16日,32/121,header(83).jpg,
,Dead Rising 3,7.6 小时,2019年4月12日,23/88,header(163).jpg,
,Dead Rising 4,26.3 小时,2022年8月15日,50/104,header(63).jpg,
,Dead Space (2008),10.4 小时,2023年1月10日,,header(136).jpg,
,Dead Space 2,16.8 小时,2023年2月5日,,header(97).jpg,
,Dead Space™ 3,5.3 小时,2023年2月1日,30/58,header(199).jpg,
,Deadlock,102 分钟,2025年10月12日,,header(326).jpg,
,Deadpool,9.3 小时,2024年8月6日,16/50,,
,DEATH STRANDING,59.4 小时,2022年7月3日,50/63,header(24).jpg,
,DEATH STRANDING 2: ON THE BEACH,,,0/55,header(618).jpg,
,DEATH STRANDING DIRECTOR'S CUT,31.3 小时,2月23日,53/63,,
,DEATHLOOP,21.2 小时,2021年10月3日,34/58,header(77).jpg,
,Deathmatch Classic,,,,header(619).jpg,
,Deus Ex: Game of the Year Edition,,,,header(620).jpg,
,Deus Ex: Human Revolution - Director's Cut,,,0/59,,
,Deus Ex: Invisible War,,,,header(621).jpg,
,Deus Ex: Mankind Divided™,45 分钟,2022年11月9日,2/81,header(404).jpg,
,Deus Ex: The Fall,,,0/28,header(623).jpg,
,Devil May Cry 4 Special Edition,13.3 小时,2025年11月17日,5/42,header(116).jpg,
,Devil May Cry 5,62.9 小时,2025年11月19日,33/55,header(21).jpg,
,Devil May Cry HD Collection,6.5 小时,2022年9月3日,5/99,header(174).jpg,
,Dirty Bomb,5.6 小时,2018年8月31日,13/77,header(186).jpg,
,Disco Elysium,,,0/45,header(624).jpg,
,Dishonored,5.5 小时,2018年1月25日,9/80,header(191).jpg,
,Dishonored 2,66.9 小时,2025年2月13日,29/50,header(19).jpg,
,Dishonored®: Death of the Outsider™,19.6 小时,2020年7月8日,14/30,header(85).jpg,
,DmC Devil May Cry,13 小时,2022年9月3日,25/58,header(119).jpg,
,Doctor Who: The Lonely Assassins,2.1 小时,2023年10月16日,,header(299).jpg,
,Doki Doki Literature Club,21.9 小时,2019年1月24日,,header(73).jpg,
,Doki Doki Literature Club Plus!,18 分钟,2021年7月20日,0/19,header_schinese(142).jpg,
,DOOM,21.4 小时,2025年5月20日,18/54,header(76).jpg,
,DOOM + DOOM II,3.2 小时,2月12日,5/33,header(251).jpg,
,DOOM 64,2.9 小时,2025年2月14日,1/10,header(264).jpg,
,DOOM Eternal,38.2 小时,2025年8月10日,31/50,header(42).jpg,
,DOOM II,49 分钟,2020年1月29日,,header(386).jpg,
,DOOM: The Dark Ages,21 小时,2025年11月17日,28/28,header(80).jpg,
,Door Kickers,14 分钟,2021年2月17日,0/43,header(508).jpg,
,Duck Game,5.3 小时,2020年2月2日,2/18,header(200).jpg,
,Duck Season,35 分钟,2019年3月15日,2/23,header(428).jpg,
,Duke Nukem Forever,12.7 小时,2020年5月22日,19/62,header(122).jpg,
,Dying Light,116.1 小时,2025年9月20日,48/78,header_schinese(5).jpg,
,Dying Light: Bad Blood,47 分钟,2019年2月8日,,header(396).jpg,
,DYSMANTLE,5 分钟,2021年2月13日,0/34,header(551).jpg,
,"El Paso, Elsewhere",2.3 小时,2月24日,7/21,header(290).jpg,
,ELEX,2.6 小时,2018年7月25日,5/50,header(274).jpg,
,Elin,2.3 小时,3月6日,0/21,header(291).jpg,
,Elise the Devil,34 分钟,2020年11月1日,,header(429).jpg,
,Entropy : Zero 2,53 分钟,2022年10月11日,2/39,header(376).jpg,
,EroPhone,42 分钟,2021年9月27日,14/22,,
,F.E.A.R.,23 分钟,2021年1月12日,,header(465).jpg,
,F.E.A.R. 2: Project Origin,44 分钟,2021年1月12日,,header(408).jpg,
,F.E.A.R. 3,,,0/50,header(627).jpg,
,F.E.A.R.: Extraction Point,,,,header(625).jpg,
,F.E.A.R.: Perseus Mandate,,,,header(626).jpg,
,F1® 25,30 分钟,2025年11月27日,2/46,header(444).jpg,
,Fallen Aces,49 分钟,2025年7月20日,,header(387).jpg,
,Fallout 4,11.4 小时,2024年4月17日,7/84,header(129).jpg,
,Fallout 4 VR,2.6 小时,2018年10月26日,1/50,header(275).jpg,
,Fallout 76,5.3 小时,2020年5月20日,8/72,header(196).jpg,
,Fallout 76 Public Test Server,,,,header(628).jpg,
,Fallout: New Vegas,37 分钟,2019年9月14日,1/75,header(424).jpg,
,Fashion Police Squad,4.2 小时,2024年10月29日,12/25,header_schinese(62).jpg,
,Final DOOM,,,,header(629).jpg,
,Florence,11 分钟,2020年2月28日,0/12,header(521).jpg,
,Forgive Me Father,10 分钟,2024年10月25日,0/20,header(527).jpg,
,Forgive Me Father 2,33 分钟,2024年11月13日,1/32,header(433).jpg,
,Fruit Ninja VR,54 分钟,2023年8月3日,9/19,header(372).jpg,
,Furi,6.8 小时,2022年12月20日,11/33,header(171).jpg,
,Galaxy Burger,53 分钟,2024年9月5日,2/14,header(377).jpg,
,Garbage Day,78 分钟,2018年12月17日,,header(345).jpg,
,Garry's Mod,2 小时,2023年9月27日,3/29,,
,Gears 5,5.5 小时,2020年5月26日,9/181,header(189).jpg,
,Generation Zero®,2.9 小时,2020年1月5日,8/72,header(262).jpg,
,Getting Over It with Bennett Foddy,3.8 小时,2019年9月14日,0/3,header(233).jpg,
,Ghost Trick: Phantom Detective,22 分钟,2024年5月9日,1/30,header(470).jpg,
,Ghost Watchers,,,0/50,header_schinese(181).jpg,
,Ghostrunner Demo,3.3 小时,2020年12月16日,,header(244).jpg,
,Ghostwire: Tokyo,29 小时,2023年4月17日,44/66,header(53).jpg,
,GOAT OF DUTY,,,0/31,header(630).jpg,
,Goat Simulator,53 分钟,2017年2月18日,11/127,header(378).jpg,
,God of War,32.8 小时,2022年11月13日,30/37,header(47).jpg,
,Godot Engine,13 分钟,2025年1月19日,,header(512).jpg,
,Gothic Playable Teaser,2 分钟,2020年5月22日,0/25,header(564).jpg,
,Granblue Fantasy: Relink,3.3 小时,2025年4月17日,17/54,header(246).jpg,
,Grand Theft Auto III,,,,header(631).jpg,
,Grand Theft Auto IV: The Complete Edition,1 分钟,2017年2月6日,0/55,header(572).jpg,
,Grand Theft Auto: San Andreas,104 分钟,2023年1月19日,,header(322).jpg,
,Grand Theft Auto: Vice City,,,,header(632).jpg,
,GROUND BRANCH,5.9 小时,2025年7月12日,,header(179).jpg,
,GTFO,6.4 小时,2021年12月17日,0/57,header(175).jpg,
,GUILTY GEAR -STRIVE-,5 小时,2025年3月25日,9/39,header(206).jpg,
,Gun Club VR,2.4 小时,2023年7月26日,12/37,header(287).jpg,
,HackHub Demo,70 分钟,2025年7月29日,,header(354).jpg,
,Hacknet,5 小时,2024年6月29日,5/11,header(205).jpg,
,Half-Life,2.8 小时,2023年11月24日,,header(266).jpg,
,Half-Life 2,18.6 小时,2025年5月9日,29/69,header(92).jpg,
,Half-Life 2 RTX,66 分钟,2025年4月4日,,header(360).jpg,
,Half-Life 2: Deathmatch,,,,header(633).jpg,
,Half-Life Deathmatch: Source,,,,header(634).jpg,
,Half-Life: Alyx,15.5 小时,2024年1月23日,34/42,header(103).jpg,
,Half-Life: Blue Shift,14 分钟,2020年3月26日,,header(509).jpg,
,Half-Life: Opposing Force,1 分钟,2020年3月26日,,header(573).jpg,
,Half-Life: Source,,,,header(635).jpg,
,Halo: The Master Chief Collection,4.4 小时,1月13日,14/700,header(222).jpg,
,Haven,5 分钟,2022年8月24日,0/30,header(552).jpg,
,Haydee,77 分钟,2018年8月9日,4/23,header(347).jpg,
,Hearts of Iron IV,,,0/266,,
,Hellblade: Senua's Sacrifice,17 分钟,2023年4月22日,2/14,,
,Hellblade: Senua's Sacrifice VR Edition,,,0/14,,
,HELLDIVERS™,13 小时,2024年10月29日,5/39,header(120).jpg,
,HELLDIVERS™ 2,287.6 小时,2月15日,38/38,header_schinese(2).jpg,
,Hellish Quart,15 分钟,1月3日,0/27,header(504).jpg,
,Hello Neighbor,6.5 小时,2017年12月18日,0/17,header_schinese(46).jpg,
,Hello Neighbor 2,2.1 小时,2023年2月4日,6/14,header(297).jpg,
,Helltaker,55 分钟,2024年4月23日,3/10,header(370).jpg,
,Hentai Girl,23 分钟,2020年6月21日,3000/3000,,
,Hi-Fi RUSH,22.3 小时,2023年12月19日,40/71,header(71).jpg,
,HITMAN World of Assassination,119.8 小时,3月7日,57/83,header(10).jpg,
,Hitman: Absolution,27.8 小时,2月18日,12/47,header(58).jpg,
,Hitman: Blood Money,23 分钟,2017年2月19日,,header(466).jpg,
,Hitman: Sniper Challenge,16 分钟,2017年1月20日,,,
,HITMAN™,47.3 小时,2018年11月9日,29/69,header(34).jpg,
,HITMAN™ 2,18.8 小时,2023年1月10日,28/146,header(88).jpg,
,HOLE,6 小时,2025年9月10日,,header(178).jpg,
,Hollowbody,,,0/26,header(636).jpg,
,Horizon Zero Dawn™ Complete Edition,113 分钟,2021年8月5日,4/79,header(312).jpg,
,"Hot Dogs, Horseshoes &amp; Hand Grenades",32.1 小时,1月3日,0/1,header(48).jpg,
,House Party,113 分钟,2021年5月1日,0/91,header(313).jpg,
,Hover,34 分钟,2025年3月17日,0/10,header(430).jpg,
,Hunt Down The Freeman,10 分钟,2023年12月24日,3/37,header(528).jpg,
,Hyperdevotion Noire: Goddess Black Heart,1 分钟,2018年5月19日,0/51,header(574).jpg,
,Hyperdimension Neptunia Re;Birth1,40 分钟,2018年5月19日,2/45,header(419).jpg,
,Hyperdimension Neptunia Re;Birth2 Sisters Generation,,,0/41,header(637).jpg,
,Hyperdimension Neptunia Re;Birth3 V Generation,,,0/42,header(638).jpg,
,Hyperdimension Neptunia U: Action Unleashed,17 分钟,2018年6月24日,3/35,header(491).jpg,
,I Expect You To Die,3.2 小时,2023年8月4日,5/11,header(254).jpg,
,I Expect You To Die 2,77 分钟,2024年1月6日,2/19,header(348).jpg,
,I Expect You To Die 3,,,0/16,header(639).jpg,
,ICEY,5.3 小时,2018年1月25日,18/34,header(198).jpg,
,IMMORTALITY,2 分钟,2023年9月24日,0/27,header(565).jpg,
,In Sound Mind,31 分钟,2023年2月14日,4/32,header(440).jpg,
,Incredibox,3.1 小时,2025年5月4日,,header(256).jpg,
,Injustice: Gods Among Us Ultimate Edition,28 分钟,2023年12月10日,3/50,header(450).jpg,
,Injustice™ 2,4.6 小时,2024年2月19日,2/74,header(220).jpg,
,Insurgency,3.4 小时,2019年2月3日,5/100,header(242).jpg,
,Insurgency: Sandstorm,7.4 小时,2022年6月21日,6/35,header_schinese(40).jpg,
,Into the Breach,56 分钟,2021年7月21日,1/70,header(368).jpg,
,Intruder,30 分钟,2021年8月24日,,header(445).jpg,
,Iron Snout,12 分钟,2017年2月14日,1/37,header(515).jpg,
,ISLAND,22 分钟,2018年12月1日,,header(471).jpg,
,Jet Set Radio,26 分钟,2024年6月25日,2/30,header(456).jpg,
,Job Simulator,5.3 小时,2018年12月25日,4/11,header(197).jpg,
,JUMP FORCE,89 分钟,2019年3月11日,0/50,header(337).jpg,
,Just Cause,25 分钟,2018年9月4日,,header(459).jpg,
,Just Cause 2,2 小时,2020年5月25日,3/50,header(305).jpg,
,Just Cause 3,106 小时,2022年9月14日,46/66,header(12).jpg,
,Just Cause 4,28.2 小时,2019年12月6日,30/61,header(56).jpg,
,Just Cause™ 3: Multiplayer Mod,25 分钟,2018年8月13日,,header(460).jpg,
,Just Shapes &amp; Beats,20 分钟,2025年8月23日,0/26,header(480).jpg,
,Keep Talking and Nobody Explodes,5 小时,2023年11月28日,3/10,header(207).jpg,
,Kill The Crows,3.6 小时,2月12日,16/31,header(235).jpg,
,Killing Floor,5 分钟,2018年7月9日,1/285,header(553).jpg,
,Killing Floor 2,9.6 小时,2019年1月5日,29/307,header(142).jpg,
,Killing Floor Mod: Defence Alliance 2,,,0/30,header(641).jpg,
,Killing Floor: Incursion,47 分钟,2018年8月21日,0/29,header(397).jpg,
,Killing Time,1 分钟,2018年12月3日,,header(575).jpg,
,Kingdom Come: Deliverance,10.4 小时,2025年11月22日,5/82,header(137).jpg,
,KurtzPel,5.7 小时,2020年8月8日,21/85,header(185).jpg,
,LawBreakers,115 分钟,2017年10月3日,1/43,,
,Left 4 Dead,,,0/73,header(642).jpg,
,Left 4 Dead 2,30.9 小时,2025年3月7日,17/101,header(50).jpg,
,LEGO® STAR WARS™: The Force Awakens,16 分钟,2020年1月28日,0/69,header(498).jpg,
,Library Of Ruina,84 分钟,2021年2月17日,0/76,header(341).jpg,
,Life is Strange: Before the Storm,,,0/34,header(643).jpg,
,Life is Strange™,119 分钟,2018年7月19日,3/60,header(306).jpg,
,Little Witch Nobeta,2.5 小时,2020年6月28日,5/42,header(280).jpg,
,Live2DViewerEX,47 小时,2021年12月25日,,header(36).jpg,
,Lobotomy Corporation,54 分钟,2019年3月30日,,header(373).jpg,
,Lost,3.3 小时,2020年6月17日,21/21,header(245).jpg,
,Lost Ruins,2.9 小时,2021年12月6日,8/40,header(260).jpg,
,Mad Max,12.1 小时,2020年12月31日,9/49,header(126).jpg,
,Mahou Arms,47 分钟,2020年5月25日,0/42,header(398).jpg,
,Manhunt,2 分钟,2023年3月10日,,header(566).jpg,
,Marvel's Spider-Man: Miles Morales,8.6 小时,2023年1月31日,34/50,,
,Marvel’s Spider-Man Remastered,22.5 小时,2023年7月7日,58/78,header(70).jpg,
,Master Levels for DOOM II,,,,header(644).jpg,
,Max Payne,13 分钟,2023年12月26日,,,
,Max Payne 2: The Fall of Max Payne,,,,header(645).jpg,
,Max Payne 3,54 分钟,2018年5月1日,0/67,header(374).jpg,
,Maximum Action,3.1 小时,2024年8月13日,,header(255).jpg,
,Megabonk,13.9 小时,1月29日,66/139,header(132).jpg,
,Megadimension Neptunia VII,1 分钟,2018年5月19日,0/35,header(576).jpg,
,MegaTagmension Blanc + Neptune VS Zombies,1 分钟,2018年5月19日,0/36,header(577).jpg,
,Melatonin,20 分钟,2024年4月27日,0/14,header(481).jpg,
,METAL GEAR RISING: REVENGEANCE,7.2 小时,2024年12月24日,17/60,header(173).jpg,
,METAL GEAR SOLID MASTER COLLECTION Vol.2,,,0/84,header(646).jpg,
,METAL GEAR SOLID V: GROUND ZEROES,10.8 小时,1月11日,7/16,,
,METAL GEAR SOLID V: THE PHANTOM PAIN,130.3 小时,昨天,32/42,,
,METAL GEAR SOLID Δ: SNAKE EATER,55.6 小时,3月10日,45/45,header(32).jpg,
,Metal Wolf Chaos XD,16 分钟,2024年6月15日,1/47,header(499).jpg,
,Metal: Hellsinger,5.4 小时,2024年12月6日,20/28,header(195).jpg,
,METALLIC CHILD,115 分钟,2021年9月18日,2/40,header(308).jpg,
,Metro 2033 Redux,65 分钟,2021年2月25日,0/49,header(362).jpg,
,Metro Exodus,55 分钟,2021年2月5日,0/68,header(371).jpg,
,Metro Exodus Enhanced Edition,47 分钟,2024年1月1日,0/68,header(399).jpg,
,Metro: Last Light Redux,1 分钟,2020年5月22日,0/49,header(578).jpg,
,Middle-earth™: Shadow of Mordor™,18.3 小时,2017年11月15日,22/74,header(93).jpg,
,Middle-earth™: Shadow of War™,53.5 小时,2019年12月21日,37/72,header_schinese(12).jpg,
,Minecraft Dungeons,2.2 小时,2021年9月25日,7/104,header(292).jpg,
,Minecraft: Story Mode - A Telltale Games Series,16.3 小时,2017年6月23日,47/50,header(101).jpg,
,Minecraft: Story Mode - Season Two,13.2 小时,2017年12月26日,30/30,header(117).jpg,
,Mirror,4.5 小时,2019年5月3日,43/114,,
,Mirror 2: Project X,21 分钟,2022年1月22日,1/1,header(475).jpg,
,Mirror Maker,2 分钟,2019年5月5日,,header(567).jpg,
,Mirror's Edge,4.2 小时,2017年7月22日,,,
,Miss Neko,3 分钟,2022年9月21日,12/104,header(560).jpg,
,Miss Neko 2,48 分钟,2022年9月21日,87/100,header(390).jpg,
,MONSTER HUNTER RISE,6.9 小时,2022年5月3日,1/100,header(169).jpg,
,Monster Hunter Wilds,41.4 小时,2025年8月23日,27/50,header(40).jpg,
,Monster Hunter Wilds Beta test,79 分钟,2025年2月7日,,header(344).jpg,
,Monster Hunter: World,207.8 小时,2025年8月20日,53/100,header(5).jpg,
,Moonless Moon,,,0/12,header(647).jpg,
,Mortal Kombat 11,128.4 小时,2月10日,22/58,header(8).jpg,
,Mortal Kombat Komplete Edition,2.2 小时,2023年8月27日,5/50,header(293).jpg,
,Mortal Kombat X,14.7 小时,2023年8月16日,14/73,header(110).jpg,
,Mortal Kombat: Legacy Kollection,42 分钟,2月8日,0/35,header(415).jpg,
,Mortal Shell,22 分钟,2023年2月6日,1/37,header(472).jpg,
,Move or Die,23 分钟,2019年6月26日,1/66,header(467).jpg,
,Muse Dash,25.5 小时,2月20日,20/39,header(65).jpg,
,Music Racer,30 分钟,2020年12月21日,3/15,header(446).jpg,
,My Friendly Neighborhood,12 分钟,2025年3月11日,1/43,header(516).jpg,
,Need for Speed: Hot Pursuit,3.4 小时,2022年12月20日,,header(315).jpg,
,Need for Speed™,,,0/45,header(648).jpg,
,Need for Speed™ Most Wanted,,,,header(649).jpg,
,Need for Speed™ Payback,,,0/57,header(650).jpg,
,Need for Speed™ Rivals,,,,header(651).jpg,
,NEKO-NIN exHeart,118 分钟,2018年5月21日,,header(307).jpg,
,NEKO-NIN exHeart +PLUS Saiha,31 分钟,2018年5月25日,,header(441).jpg,
,NEKO-NIN exHeart 2,108 分钟,2018年5月25日,,header(319).jpg,
,NEKO-NIN exHeart 2 Love+PLUS,22 分钟,2019年5月3日,,header(473).jpg,
,NEKOPARA Extra,48 分钟,2018年7月28日,12/13,header(391).jpg,
,NEKOPARA Vol. 0,20 分钟,2017年10月1日,9/13,header(482).jpg,
,NEKOPARA Vol. 1,9.1 小时,2020年1月30日,12/14,header(144).jpg,
,NEKOPARA Vol. 2,2.9 小时,2020年1月30日,17/20,header(261).jpg,
,NEKOPARA Vol. 3,114 分钟,2020年6月21日,25/27,header(309).jpg,
,NEKOPARA Vol. 4,61 分钟,2021年2月11日,12/19,header(366).jpg,
,Neon White,2.5 小时,2022年11月9日,7/63,header(283).jpg,
,NieR:Automata™,16.9 小时,2019年3月4日,15/47,header(96).jpg,
,Nightmare Kart,34 分钟,2024年6月10日,0/25,header(431).jpg,
,No More Heroes,45 分钟,2025年11月19日,1/20,header(405).jpg,
,No More Heroes 2: Desperate Struggle,,,0/22,header(652).jpg,
,No More Heroes 3,3.5 小时,2025年11月20日,11/51,header(240).jpg,
,No More Room in Hell,11 分钟,2021年8月13日,0/115,header(522).jpg,
,OBS Studio,14.5 小时,2月10日,,header(112).jpg,
,One-armed robber,69 分钟,2024年9月19日,6/43,header(356).jpg,
,Operation Tango,6.6 小时,2022年1月24日,23/30,header_schinese(45).jpg,
,Outer Wilds,,,0/31,header(653).jpg,
,Outlast,,,0/14,header(654).jpg,
,Outlast 2,2.5 小时,2019年9月13日,1/24,header(284).jpg,
,OUTRIDERS,5.7 小时,2021年7月22日,7/52,header(181).jpg,
,Overcooked,70 分钟,2018年7月29日,4/12,header_schinese(93).jpg,
,Overcooked! 2,53 分钟,2019年9月2日,1/54,header_schinese(105).jpg,
,Pacify,3.1 小时,2020年10月31日,15/52,header(257).jpg,
,Paint the Town Red,3.2 小时,2017年6月2日,0/30,header(253).jpg,
,Patrick's Parabox,68 分钟,2023年3月27日,4/22,,
,Pavlov VR,,,,header(655).jpg,
,PAYDAY 2,69.4 小时,2023年9月11日,185/1328,header(18).jpg,
,PAYDAY 3 - Beta,5.6 小时,2023年9月11日,,header(188).jpg,
,Persona 5 Strikers,7.9 小时,2021年2月23日,9/47,header(156).jpg,
,Phoenix Wright: Ace Attorney Trilogy,2.7 小时,2021年3月26日,3/30,header(273).jpg,
,PICO PARK,,,,header(656).jpg,
,Pistol Whip,11 小时,2月6日,16/25,header(133).jpg,
,Plague Inc: Evolved,34 分钟,2020年1月26日,8/237,,
,Police Stories,4.6 小时,2024年5月11日,26/39,header(216).jpg,
,Poly Bridge,81 分钟,2017年2月24日,1/22,header(343).jpg,
,Poly Runner VR,44 分钟,2016年8月20日,,header(409).jpg,
,Portal,2.5 小时,2023年7月3日,5/15,header(281).jpg,
,Portal 2,29.5 小时,2023年7月16日,31/51,header(52).jpg,
,Portal Knights,84.2 小时,2020年5月15日,26/40,header_schinese(8).jpg,
,Portal with RTX,41 分钟,2022年12月23日,1/15,header(417).jpg,
,Portal: Revolution,2.4 小时,2024年1月11日,6/21,header(288).jpg,
,POSTAL 2,20 分钟,2016年8月1日,0/89,header_schinese(139).jpg,
,Postal 3,46 分钟,2016年8月8日,2/35,header(401).jpg,
,POSTAL 4: No Regerts,29 分钟,2022年11月12日,1/23,header(447).jpg,
,POSTAL: Brain Damaged,11 分钟,2024年10月12日,0/34,header(523).jpg,
,Prey,15.1 小时,2021年9月13日,20/58,header(105).jpg,
,Prey: Typhon Hunter,,,0/10,header(658).jpg,
,Prince of Persia,,,,header(659).jpg,
,Prince of Persia: The Forgotten Sands,7 分钟,2024年12月2日,,header(544).jpg,
,Prince of Persia: The Sands of Time,9 分钟,2024年12月2日,,header(533).jpg,
,Prince of Persia: The Two Thrones,,,,header(661).jpg,
,Prince of Persia: Warrior Within,,,,header(660).jpg,
,Project Warlock,25 分钟,2025年6月6日,0/20,header(461).jpg,
,Project Warlock II,,,0/218,header(662).jpg,
,Project Winter,,,0/78,header(663).jpg,
,Project Zomboid,69 分钟,2023年4月8日,,header(357).jpg,
,Prototype,16.6 小时,2017年7月11日,,header(98).jpg,
,PROTOTYPE 2,9.7 小时,2017年11月26日,17/43,,
,Psychonauts 2,104 分钟,2023年1月5日,11/57,header(323).jpg,
,PUBG: BATTLEGROUNDS,47.6 小时,2023年5月31日,0/37,header(33).jpg,
,Push Me Pull You,37 分钟,2017年7月15日,0/11,header(426).jpg,
,Quake Champions,11 分钟,2021年9月20日,2/52,header(524).jpg,
,Quantum Break,14.5 小时,2024年8月9日,33/42,header(111).jpg,
,Raft,5.3 小时,2023年12月26日,8/104,header(203).jpg,
,RAGE 2,13.7 小时,2022年1月19日,21/64,header(113).jpg,
,Ravenfield,2.3 小时,2023年5月31日,,header(289).jpg,
,Ready or Not,61.8 小时,2025年7月21日,14/66,header(22).jpg,
,Red Dead Redemption,65 分钟,1月1日,2/51,header_schinese(97).jpg,
,Red Dead Redemption 2,238 小时,2025年11月20日,33/51,header(3).jpg,
,Remember Me,87 分钟,2月6日,4/50,header(339).jpg,
,Resident Evil 2,13.2 小时,2022年12月24日,21/44,header_schinese(27).jpg,
,"Resident Evil 2 ""1-Shot Demo""",17 分钟,2019年1月15日,2/6,,
,Resident Evil 3,7.9 小时,2020年4月3日,24/32,header(159).jpg,
,Resident Evil 4,26.7 小时,2025年3月19日,20/46,header(60).jpg,
,Resident Evil 4 (2005),48 分钟,2023年10月19日,1/12,header(392).jpg,
,Resident Evil 5,,,0/70,header(664).jpg,
,Resident Evil 6,7 分钟,2020年6月18日,0/70,header(545).jpg,
,Resident Evil 7 Biohazard,34.9 小时,2021年2月6日,31/58,header(46).jpg,
,Resident Evil Re:Verse,22 分钟,2022年10月25日,3/12,header(474).jpg,
,Resident Evil Requiem,23.8 小时,3月5日,49/49,header.jpg,
,RESIDENT EVIL RESISTANCE,,,0/51,header(665).jpg,
,Resident Evil Revelations,,,0/50,header(666).jpg,
,Resident Evil Revelations 2,,,0/43,header(667).jpg,
,Resident Evil Village,25.4 小时,2025年8月21日,37/56,header(66).jpg,
,Return to Castle Wolfenstein,23 分钟,2019年8月18日,,header(468).jpg,
,Rick and Morty: Virtual Rick-ality,1 分钟,2018年6月23日,1/18,header(579).jpg,
,Ricochet,,,,header(668).jpg,
,RoboCop: Rogue City - Unfinished Business,18 分钟,2025年8月2日,1/25,header(493).jpg,
,Rogue Warrior,8 分钟,2025年8月10日,3/45,header(539).jpg,
,ROMEO IS A DEAD MAN,,,0/44,header(669).jpg,
,RPG Maker MZ,14 分钟,1月31日,,header(510).jpg,
,RUNNING WITH RIFLES,27 分钟,2019年2月5日,1/45,header(453).jpg,
,RUSH,9 分钟,2019年1月3日,0/16,header(534).jpg,
,RWBY: Grimm Eclipse,26 小时,2020年5月22日,14/37,header(64).jpg,
,Saints Row 2,51 分钟,2016年10月5日,,header(382).jpg,
,Saints Row IV,25.3 小时,2017年7月10日,25/73,header(67).jpg,
,Saints Row: Gat out of Hell,2.1 小时,2017年3月18日,4/45,header(298).jpg,
,Saints Row: The Third,,,0/83,header(670).jpg,
,Sakura Agent,1 分钟,2017年10月24日,0/10,header(580).jpg,
,Sakura Angels,,,,header(671).jpg,
,Sakura Beach,,,,header(672).jpg,
,Sakura Beach 2,,,,header(673).jpg,
,Sakura Dungeon,1 分钟,2017年10月1日,0/37,header(581).jpg,
,Sakura Fantasy Chapter 1,,,,header(674).jpg,
,Sakura Magical Girls,1 分钟,2017年10月24日,0/15,header(582).jpg,
,Sakura Nova,,,0/15,header(675).jpg,
,Sakura Santa,,,,header(676).jpg,
,Sakura Shrine Girls,,,,header(677).jpg,
,Sakura Space,,,,header(678).jpg,
,Sakura Spirit,6 分钟,2017年9月25日,,header(549).jpg,
,Sakura Swim Club,8 分钟,2017年9月27日,,header(540).jpg,
,Salt and Sanctuary,88 分钟,2022年1月6日,3/37,header(338).jpg,
,Schedule I,20.5 小时,2025年7月20日,8/13,header(82).jpg,
,SCP: 5K (Alpha Testing),9.7 小时,2024年9月18日,5/24,header(141).jpg,
,Sea of Thieves,18.7 小时,2021年6月12日,26/287,header(89).jpg,
,Seek Girl,9 分钟,2022年9月21日,135/160,header(535).jpg,
,Seek Girl Ⅱ,2 分钟,2020年6月17日,35/35,header(568).jpg,
,Seek Girl Ⅲ,20 分钟,2020年6月17日,35/35,header(483).jpg,
,Seek Girl Ⅳ,20 分钟,2020年6月25日,35/35,header(484).jpg,
,Seek Girl:Fog Ⅰ,13 分钟,2020年6月18日,0/100,header(513).jpg,
,Sekiro™: Shadows Die Twice,132.6 小时,2月11日,31/34,header(9).jpg,
,Senua’s Saga: Hellblade II,43 分钟,2024年8月13日,2/12,header(412).jpg,
,Serious Sam 3: BFE,26 分钟,2017年7月13日,2/62,header(457).jpg,
,Serious Sam Fusion 2017 (beta),4 分钟,2017年7月13日,0/76,header(555).jpg,
,Severed Steel,7 分钟,2024年1月1日,0/57,header(546).jpg,
,Shadow of the Tomb Raider,8.5 小时,2020年4月7日,16/99,header(152).jpg,
,Shadow Warrior Classic (1997),52 分钟,2023年11月7日,,header(380).jpg,
,SHENZHEN I/O,14 分钟,2024年4月25日,0/6,header(511).jpg,
,Sid Meier's Civilization VI,22.6 小时,2022年3月15日,9/320,,
,SIGNALIS,5.1 小时,2025年8月13日,6/13,header(210).jpg,
,SILENT HILL f,96 分钟,2025年9月27日,2/56,header(329).jpg,
,Skate Story,2.2 小时,2025年12月19日,6/26,header(294).jpg,
,Skeet: VR Target Shooting,9 分钟,2016年5月21日,1/14,header(536).jpg,
,Skullgirls 2nd Encore,8 分钟,2021年6月27日,0/45,header(541).jpg,
,Slay the Spire,34 分钟,2020年10月23日,1/46,header(432).jpg,
,Sleeping Dogs: Definitive Edition,4.4 小时,2018年11月4日,9/59,header(224).jpg,
,Slime Rancher,4.6 小时,2018年1月26日,21/57,header(218).jpg,
,Sniper Elite 4,2.7 小时,2022年7月27日,4/85,header(270).jpg,
,Sniper Ghost Warrior 2,,,0/38,header(679).jpg,
,Sniper Ghost Warrior 3,,,0/48,header(680).jpg,
,Sniper: Ghost Warrior,,,0/24,header(681).jpg,
,SNOW,68 分钟,2016年8月14日,0/33,header(359).jpg,
,SOMA,,,0/10,header(682).jpg,
,Sons Of The Forest,18.7 小时,2023年3月12日,10/32,header(90).jpg,
,SOULCALIBUR VI,2 小时,2019年11月28日,3/49,header(304).jpg,
,Space Pirate Trainer,112 分钟,2023年8月5日,3/10,header(314).jpg,
,Spell Fighter VR,109 分钟,2016年6月9日,,header(318).jpg,
,Spider-Man: Far From Home Virtual Reality,8 分钟,2019年12月11日,,,
,Spin Rhythm XD,102 分钟,2023年4月15日,12/46,header(327).jpg,
,Spirit City: Lofi Sessions,5.5 小时,2025年1月10日,9/34,header(193).jpg,
,Squad,45 分钟,2021年5月31日,,header(406).jpg,
,Starbound,8.7 小时,2018年10月20日,10/51,header(148).jpg,
,Starbound - Unstable,,,0/51,,
,Stardew Valley,36.7 小时,2024年9月30日,9/49,header(45).jpg,
,Starfield,13.2 小时,2023年10月12日,5/62,header(118).jpg,
,Stellaris,15 分钟,2021年8月2日,0/211,header(505).jpg,
,Stick Fight: The Game,4.7 小时,2020年1月30日,19/28,header(214).jpg,
,Stray,2.8 小时,2022年10月24日,7/24,header(268).jpg,
,Street Fighter 6,4.6 小时,2025年6月7日,9/43,header(219).jpg,
,STREET TYPER X,4 分钟,2月7日,,header(556).jpg,
,Styx: Master of Shadows,12 分钟,2019年2月5日,0/33,header(517).jpg,
,Styx: Shards of Darkness,,,0/38,header(683).jpg,
,Subverse,4.4 小时,2024年11月3日,0/52,,
,SUCCUBUS,107 分钟,2022年9月5日,7/30,header(320).jpg,
,Succubus Farm,67 分钟,2022年9月19日,,header_schinese(95).jpg,
,SUCCUBUS: Prologue,33 分钟,2021年2月5日,,header(435).jpg,
,Sunset Overdrive,17 分钟,2024年4月11日,2/80,header(494).jpg,
,Superdimension Neptune VS Sega Hard Girls,31 分钟,2018年5月19日,4/38,header(442).jpg,
,SUPERHOT,3.2 小时,2020年5月23日,12/26,header(252).jpg,
,SUPERHOT VR,11 分钟,2019年12月27日,3/26,header(525).jpg,
,SUPERHOT: MIND CONTROL DELETE,69 分钟,2020年9月16日,7/14,header(358).jpg,
,Surgeon Simulator,45 分钟,2016年11月26日,4/123,header(407).jpg,
,Surgeon Simulator VR: Meet The Medic,51 分钟,2016年8月1日,,header(383).jpg,
,SWAT Commander: Prologue Playtest,17 分钟,2023年7月25日,,header(495).jpg,
,Sword Art Online: Fatal Bullet,14.9 小时,2018年3月31日,10/63,header(107).jpg,
,SYNTHETIK,3.6 小时,2024年10月29日,3/27,header(236).jpg,
,System Shock,,,0/46,header(684).jpg,
,Tabletop Simulator,110 分钟,2022年4月4日,2/26,header(316).jpg,
,Taboos: Cracks,4 分钟,2020年11月1日,5/12,header(557).jpg,
,Tales of Berseria,15 分钟,2019年5月8日,0/51,header(506).jpg,
,Team Fortress Classic,,,,header(685).jpg,
,Teardown,107 分钟,2023年11月7日,4/27,header(321).jpg,
,TEKKEN 7,12 分钟,2022年11月12日,0/42,header(518).jpg,
,Terminator: Resistance,3.6 小时,2022年8月12日,16/36,header(237).jpg,
,Terraria,44.6 小时,2023年9月14日,54/137,header(38).jpg,
,Tetris® Effect: Connected,3.3 小时,2024年3月11日,4/43,header(247).jpg,
,The Awesome Adventures of Captain Spirit,60 分钟,2018年8月10日,,header_schinese(100).jpg,
,The Brookhaven Experiment,26 分钟,2019年12月23日,1/20,header(454).jpg,
,The Elder Scrolls V: Skyrim Special Edition,48.3 小时,2019年6月10日,28/75,header(30).jpg,
,The Elder Scrolls V: Skyrim VR,41 分钟,2019年1月7日,2/75,header(416).jpg,
,The Escapists 2,5.6 小时,2020年6月21日,5/58,header(187).jpg,
,The Evil Within,16.3 小时,2017年11月2日,14/71,header(100).jpg,
,The Evil Within 2,28.7 小时,2021年2月10日,32/51,header(54).jpg,
,The First Descendant,2.4 小时,2025年6月21日,6/24,header(286).jpg,
,The Forest,10.3 小时,2022年6月21日,14/45,header(138).jpg,
,The Heiress,2.4 小时,2019年7月20日,,header(285).jpg,
,The Henry Stickmin Collection,74 分钟,2023年11月3日,18/82,header(351).jpg,
,THE HOUSE OF THE DEAD: Remake,18 分钟,2023年2月28日,6/41,header(488).jpg,
,THE KING OF FIGHTERS XIII STEAM EDITION,39 分钟,2020年10月14日,0/46,header(420).jpg,
,The Lab,64 分钟,2019年12月23日,,header(363).jpg,
,The Long Dark,37 分钟,2020年3月26日,1/75,header(425).jpg,
,The Outer Worlds 2,6.6 小时,2025年10月26日,4/48,header(172).jpg,
,The Surge,28.1 小时,2019年11月20日,33/67,header(57).jpg,
,The Surge 2,28.1 小时,2020年1月22日,31/57,header_schinese(17).jpg,
,The Typing of The Dead: Overkill,3.2 小时,2月12日,4/33,header(249).jpg,
,The Walking Dead: Saints &amp; Sinners,114 分钟,2020年4月9日,2/45,header(310).jpg,
,The Witcher 2: Assassins of Kings Enhanced Edition,1 分钟,2017年7月18日,0/52,header(583).jpg,
,The Witcher: Enhanced Edition,24 分钟,2020年1月10日,,header(464).jpg,
,Thief Simulator,21 分钟,2023年11月25日,0/33,header(477).jpg,
,Thumper,2.8 小时,2021年6月4日,3/19,header(269).jpg,
,Tilt Brush,3.4 小时,2016年9月10日,,header(243).jpg,
,Titanfall® 2,74.8 小时,2025年1月17日,50/50,header(16).jpg,
,Toki Tori 2+,17 分钟,2023年1月3日,0/38,header(496).jpg,
,Tom Clancy's Rainbow Six Siege - Test Server,9.7 小时,2021年8月13日,,,
,Tom Clancy's The Division,80.7 小时,2025年8月29日,42/60,,
,Tom Clancy's The Division PTS,,,,,
,Tomb Raider,3.2 小时,2020年4月6日,2/50,header(248).jpg,
,Tomb Raider I-III Remastered Starring Lara Croft,25 分钟,2025年6月6日,0/284,header(462).jpg,
,Tomb Raider IV-VI Remastered,,,0/168,header(686).jpg,
,Totally Accurate Battlegrounds,7 小时,2022年2月1日,,header(168).jpg,
,Touhou Luna Nights,16 分钟,2019年3月30日,0/22,header(500).jpg,
,Transference,10 分钟,2018年11月23日,0/14,header(530).jpg,
,TUNIC,16 分钟,2024年9月19日,1/36,header(501).jpg,
,Turbo Overkill,72 分钟,2月12日,0/67,header(352).jpg,
,Ultimate Desktop Character Engine,,,,header(687).jpg,
,Ultimate Epic Battle Simulator,7 分钟,2019年1月3日,,header(547).jpg,
,Ultimate Marvel vs. Capcom 3,99 分钟,2024年2月19日,1/47,header(328).jpg,
,ULTRAKILL,77 分钟,2023年1月7日,,header(349).jpg,
,UNBEATABLE [white label],17 分钟,2022年4月2日,2/3,header(497).jpg,
,Undertale,51 分钟,2017年11月26日,,header(384).jpg,
,Unknown 9: Awakening,,,0/38,header(688).jpg,
,Untitled Goose Game,7 分钟,2020年11月8日,0/25,header(548).jpg,
,Unturned,8.3 小时,2020年3月16日,14/88,header(154).jpg,
,Uplink,3 分钟,2024年2月24日,,header(561).jpg,
,VA-11 Hall-A: Cyberpunk Bartender Action,12 小时,2月9日,17/34,header(127).jpg,
,Vampyr,18.6 小时,2018年8月29日,18/28,header(91).jpg,
,Viewfinder,,,0/46,header(689).jpg,
,Viscera Cleanup Detail,91 分钟,2021年11月28日,1/85,header(333).jpg,
,Viscera Cleanup Detail: Santa's Rampage,,,0/13,,
,Viscera Cleanup Detail: Shadow Warrior,,,0/2,header(691).jpg,
,VoiceAttack 2,5.8 小时,1月5日,,header(180).jpg,
,Void Bastards,7.7 小时,2023年12月10日,13/24,header(162).jpg,
,VR Kanojo,54 分钟,2018年5月27日,,,
,VRChat,38 分钟,2019年5月3日,,header(423).jpg,
,WAR DUST,16 分钟,2019年1月3日,,header(502).jpg,
,War Thunder,33 分钟,2021年7月21日,0/90,header(436).jpg,
,"Warhammer 40,000: Boltgun - Words of Vengeance",12 分钟,2025年5月29日,0/8,header(519).jpg,
,"Warhammer 40,000: Darktide Closed Beta",29 分钟,2022年10月14日,,header(448).jpg,
,"Warhammer 40,000: Dawn of War - Dark Crusade",,,,header(692).jpg,
,"Warhammer 40,000: Dawn of War - Soulstorm",,,,header(693).jpg,
,"Warhammer 40,000: Dawn of War - Winter Assault",,,,header(694).jpg,
,"Warhammer 40,000: Dawn of War II - Anniversary Edition",23 分钟,2022年4月12日,1/73,header(469).jpg,
,"Warhammer 40,000: Dawn of War II - Chaos Rising",,,0/73,header(696).jpg,
,"Warhammer 40,000: Dawn of War II - Retribution",,,0/77,header(695).jpg,
,"Warhammer 40,000: Gladius - Relics of War",,,0/166,header(697).jpg,
,"Warhammer 40,000: Space Marine - Anniversary Edition",7.2 小时,2023年4月10日,23/60,header(165).jpg,
,Warhammer: Vermintide 2,20.8 小时,2022年8月16日,15/26,header(81).jpg,
,Watch_Dogs,16.6 小时,2020年7月9日,0/49,header(99).jpg,
,Watch_Dogs 2,133.8 小时,2020年7月9日,0/55,header(7).jpg,
,We Happy Few,4.1 小时,2016年10月5日,0/70,header(228).jpg,
,Welcome to Doll Town,,,0/12,header(698).jpg,
,West of Dead,85 分钟,2020年6月28日,2/24,header(340).jpg,
,West of Dead Beta,62 分钟,2020年4月6日,,header(365).jpg,
,West of Loathing,3.9 小时,2019年8月29日,1/28,header(232).jpg,
,Westerado: Double Barreled,103 分钟,2017年10月20日,4/79,header(325).jpg,
,Whispers from the Star,5.7 小时,2025年9月20日,15/35,header(184).jpg,
,Who's Your Daddy?!,83 分钟,2016年10月5日,0/44,,
,Wolfenstein 3D,16 分钟,2023年11月7日,,header(503).jpg,
,Wolfenstein 3D: Spear of Destiny,,,,header(699).jpg,
,Wolfenstein II: The New Colossus,27.3 小时,2024年5月22日,25/80,header(59).jpg,
,Wolfenstein: Enemy Territory,,,,header(700).jpg,
,Wolfenstein: The New Order,6.9 小时,2021年5月30日,18/50,header(170).jpg,
,Wolfenstein: The Old Blood,4.6 小时,2024年5月7日,18/50,header(215).jpg,
,Wolfenstein: Youngblood,14.7 小时,2019年8月23日,21/60,header(108).jpg,
,World of Guns: Gun Disassembly,4 小时,2025年4月23日,23/42,header(230).jpg,
,World of Warships,49 分钟,2018年11月16日,0/43,header(388).jpg,
,Wwbit,14 分钟,2019年6月10日,,,
,XCOM 2,2.6 小时,2019年1月5日,3/88,header(276).jpg,
,Youtubers Life,5.1 小时,2017年8月13日,15/63,header(204).jpg,
,Zero Hour,10.7 小时,2023年6月7日,1/25,header(134).jpg,
,ZOMBI,3 小时,2023年2月12日,11/20,header(258).jpg,
,Zombie Army 4: Dead War,5.5 小时,2022年7月31日,11/70,header(194).jpg,
,ZomDay,6 小时,2021年4月29日,6/39,header_schinese(48).jpg,
