????,????,??
????:??,Tom Clancy's Rainbow Six Siege,
Wallpaper Engine:????,Wallpaper Engine,
?????,ELDEN RING,
Grand Theft Auto V ???,Grand Theft Auto V: Legacy Edition,
???? 2077,Cyberpunk 2077,
?? 3:??,The Witcher 3: Wild Hunt,
????? ????,ELDEN RING Shadow of the Erdtree,
????:??,Assassin's Creed Origins,
??2,Destiny 2,
????Æ,Call of DutyÆ,
????:????Lo-Fi??,Chill Vibes: Lo-Fi Story Shared with You,????????Steam?????
?????3 Reload,Persona 3 Reload,
gogh: ???????,gogh: Virtual Avatars & Focus,?????
??:??2,Kingdom Come: Deliverance II,
???? / For The King,For The King,
????:??? 5,Forza Horizon 5,
????3,Borderlands 3,
Ghost of Tsushima?????,Ghost of Tsushima DIRECTOR'S CUT,
??40K:??,Warhammer 40000: Darktide,
??:??2 - ???,Divinity: Original Sin 2 - Definitive Edition,
????,Dead by Daylight,
???? 1 ,Mortal Kombat 1,
??2,Remnant II,
????2,Shadow Warrior 2,
?????2: ?????,Dying Light 2 Stay Human: Reloaded Edition,
´????ô 2042ª,Battlefieldô 2042,
????:???????????,Fallen Makina and the City of Ruins,???????????
???????,VPet Simulator,
?????:??,Dying Light: The Beast,
????ôVI ????ô,ARMORED COREô VI FIRES OF RUBICONô,
????ô 6,Battlefieldô 6,
´????ô 6ªBeta ??,Battlefieldô 6 Open Beta,
????,Dead Space,
????,Deep Rock Galactic,
"Warhammer 40,000: ????2","Warhammer 40,000: Space Marine 2",
???:??,Black Myth: Wukong,
????,Atomic Heart,
???? 2,Risk of Rain 2,
´???? ??:??????ôª,Star Wars Jedi: Fallen Orderô,
????2:?????,Door Kickers 2: Task Force North,
???~?????????~,Imouto Connect ~Colorful Adventures in a Black & White World~,???????????
PAYDAY3 (???3),PAYDAY 3,
Ghostrunner - ????,Ghostrunner,
??????,Marvel's Midnight Suns,
??:????,Remnant: From the Ashes,
????:??,Tom Clancy's Ghost Recon Wildlands,
????,Split Fiction,
?????? / Human Fall Flat,Human Fall Flat,
?????,DUCKSIDE,
????,Gunfire Reborn,
???????,Treasure Hunter Claire,???????????
??:?? 1896,Hunt: Showdown 1896,
????,Void Train,
????MMD,Desktop Moe MMD,?????
"´Warhammer 40,000:???? - ????ª","Warhammer 40,000: Chaosgate - Daemonhunters",
???2:???????,S.T.A.L.K.E.R. 2: Heart of Chornobyl,
????,Autofarm,????????Steam?????
????Æ4,BorderlandsÆ 4,
?????5???,Persona 5 Royal,
????? (PC Building Simulator),PC Building Simulator,
´?????ª,The Callisto Protocol,
????,It Takes Two,
????:??? 4,Forza Horizon 4,
???????:??????,Atelier Colette: The Story of Essence Alchemy,???????????
???????? ~?????????~,Anecia and the Contract Seal,???????????
????,SCARLET NEXUS,
?????,Dyson Sphere Program,
?? Complete Edition,Nioh: Complete Edition,
????:?,Assassin's Creed Shadows,
????:?? ???,BioShock Infinite: The Complete Edition,
???? 2(Ghostrunner 2),Ghostrunner 2,
Warframe ????,Warframe,
Draw &amp; Guess - ????,Draw & Guess,
???????,Liz of the Tower City,???????????
????2,Death Sniper 2,?????????
?????,Blooming Seed of the Demon,???????????
AI LIMIT ????,AI LIMIT,
Steelrising ????,Steelrising,
Phasmophobia ???,Phasmophobia,
?????:??,Kagura Survivors: Endless Night,?????
?? MiSide,MiSide,
???????,Just Rush Simulator,????????Steam?????
???????????????,Mage Tia and the Mysterious Grand Library,???????????
????????,Phantom Thief Celianna,???????????
??,BOUNDARY,
?????????,Tentacle Alien's Otherworldly Business,???????????
?????,Yuppie Psycho,
????,Lethal Cure,????????Steam?????
??,Besiege,
´????:???ªCrime Boss: Rockay City,Crime Boss: Rockay City,
???? ???,Lethal Cure Demo,???????
???????!,Noel Will Do Her Best!,???????????
????:????,Door Kickers: Action Squad,
????!,Sockventure,????????Steam?????
????:ReFantazio,Metaphor: ReFantazio,
????? ~ Antinomy of Common Flowers.,Touhou 15.5: Antinomy of Common Flowers,
?????,Go Go Witch!,???????????
???????,My Friend Pedro,
Subnautica - ????,Subnautica,
Marvel's Avengers |´?????ª???,Marvel's Avengers,
?????4 ????????,Persona 4 Arena Ultimax,
??????,Princess Maker Refine,?????
No Man's Sky ????,No Man's Sky,
??3,Honkai Impact 3rd,
????,Ultimate Chicken Horse,
???? RimWorld,RimWorld,
????~?????????~,Prison City of Chaos,???????????
?????,Sharing Class President,???????????
????:????,RoboCop: Rogue City,
?????4 ???,Persona 4 Golden,
????,Punishing Succubus,???????????
?? INVAXION,INVAXION,
?????,Kinki Spiritual Affairs Bureau,???????????
????3:???,Shadow Warrior 3: Definitive Edition,
????,Back 4 Blood,
????3,Baldur's Gate 3,
????????,Tiny Tina's Wonderlands,
?????5 ???,Persona 5 Tactica,
????:???,Hardspace: Shipbreaker,
?? - ???? / Control Ultimate Edition,Control Ultimate Edition,
??∑??∑???!,Magic Hero Adventure!,???????????
??: ??,Anno: Mutationem,
?????JK?????,Days with JK in the School Workshop,???????????
"Warhammer 40,000: ????","Warhammer 40,000: Rogue Trader",
´????ô:??ª,Need for Speedô Unbound,
??? Bloody Spell,Bloody Spell,
????~????????~,Succubus Forest ~Surrounded by Monster Girls~,???????????
????,Skull and Bones,
????:Homicipher,Homicipher,
??????Internet Generation,Internet Generation,
????:?? / Autonauts VS. Piratebots,Autonauts vs Piratebots,
????:????,Subnautica: Below Zero,
??Rogue,Dead Domain Rogue,???????????
"´Warhammer 40,000: Dawn of Warªóó????? ","Warhammer 40,000: Dawn of War - Anniversary Edition",
JOJO????? ???? ???,JoJo's Bizarre Adventure: All-Star Battle R,
?????????,Demon Queen Melissa's Adventure,???????????
???? ???,BioShock Remastered,
?????,Imperial Immigration Bureau,????????Steam?????
?????,World of Horror,
???????? - ??,Swordswoman of the Crimson Prison - Tina,???????????
??????????,Sister Lumina and the Hypnosis Cult,???????????
 AI2U: ???????? ~ ??????AI??,AI2U,
????,Rogue Software,???????????
?? ?,Katana ZERO,
????,Loop Hero,
??2,Sea Cucumber 2,????????Steam?????
?????,Crosstalk Simulator,???????????
??∑?????,Funeral Flowers: Dark Utopia,?????????????
????,Bright Memory,
????!??????,Free Yourself! Outdoor Streaming,????????Steam?????
???:????,Quarantine Zone: Last Stop,????????Steam?????
??,Stellar Blade,
?????,Disaster Lab,????????Steam?????
????,Buckshot Roulette,
?????,Golf With Your Friends,???????????????
???? Moncage,Moncage,
????? - Shawarma Legend,Shawarma Legend,
????? Pacific Drive,Pacific Drive,
????,Celestial Cuisine,???????????
????????????,About My Reincarnation as a Succubus,???????????
UNYIELDER -???-,UNYIELDER,
????,Marvel Rivals,
Rhythm Doctor ????,Rhythm Doctor,
Vampire Survivors - ??????,Vampire Survivors,
?????2:??,Hotline Miami 2: Wrong Number,
???????30?,30 Days with the Immortal Fox,???????????
????? ~ Hidden Star in Four Seasons.,Touhou 16: Hidden Star in Four Seasons,
?????:???,Pascal's Wager: Definitive Edition,
?????,Relic Seeker,????????Steam?????
????,Fight of Animals,
Palworld / ????,Palworld,
´????Æª,OverwatchÆ,
?????,Hotline Miami,
MISERY????,MISERY,????????Steam?????
???:?????? 2,Sniper Ghost Warrior Contracts 2,
????:????,Metal Angel: Descent into Eden,???????????
????ô:????,Star Warsô: Squadrons,
????? Superliminal,Superliminal,
??????,Hypnosis Princess Knight,???????????
´????:??ªAssetto Corsa Rally,Assetto Corsa Rally,
????,Lucky Star Party,????????Steam?????
????????,Urban Myth Dissolution Center,???????????
?????,Yakiniku Simulator,?????
????,Two Point Hospital,
????: ???,Weird West: Definitive Edition,
?????,Terminal Cafe,????????Steam?????
????,Slave's Sword,???????????
??????,Tower of Ardia,???????????
????????,Fallen City Letidaia,???????????
?????,Black Survival,
??!?????!,Help! It Collapsed Again!,???????????
??:?????,Starving: A Thousand Miles in Late Ming,?????????????
?????,Anger Foot,
????,Finger Shatter,????????Steam?????
Shotgun Cop Man - ????,Shotgun Cop Man,
????,Trolley Problem Inc.,???????????????
????:??,Bright Memory: Infinite,
??,Red Monster,????????Steam?????
????,One Half,???????????
Barotrauma ???,Barotrauma,
?????? - Touhou Mystia's Izakaya,Touhou Mystia's Izakaya,
????:????,Indiana Jones and the Great Circle,
????0 ?????,Yakuza 0,
?????? DEEEER Simulator,DEEEER Simulator,
????7 ?????? ???,Yakuza: Like a Dragon,
Brewmaster ????,Brewmaster,
´????ª,Word Game,?????????????
????3,Arma 3,
???,Leviathan,????????Steam?????
????:????,Typing Frenzy,????????Steam?????
Valheim: ????,Valheim,
SCP????? / SCP: Secret Laboratory,SCP: Secret Laboratory,
????????~????????????~,Emily's Fallen Loop,???????????
?????3 ???,Persona 3 Portable,
??:????(Skul: The Hero Slayer),Skul: The Hero Slayer,
?????,Grand Order Kung Fu Girl,???????????
????:????,Time Traveler: Dawn of Rebirth,????????Steam?????
??? Playtest,Beangun Playtest,?????
?????,Don't Starve Together,
???????? ??????,NEEDY STREAMER OVERLOAD: Internet Meme Typing,??????????DLC????
?? OTXO,OTXO,
???????????,Living with Succubus Lilim,???????????
???????,Battle Mage Ristia,???????????
?????~A night filled with the sound of rain~,A Night Filled with the Sound of Rain,
?????????,Fluffy Maid Cafe,???????????
?????? -???????-,Bishoujo Mangekyou -Reason and the Girl in the Labyrinth-,?????????????
???? ???????,Mecha Technician Rista's Grand Adventure,???????????
?????,Delta Force,
?????,Female Ninja Botan,???????????
???? ??!?,Like a Dragon: Ishin!,
???? / Autonauts,Autonauts,
YARISUTEMESUBUTA ~ ??????? ~,YARISUTEMESUBUTA,
?????,Witch's Night Feast,???????????
???!UP?!,Die Streamer!,???????????
Action???,Action Taimanin,
CATO ???,CATO: Buttered Cat,
´Need for Speedô Heat,Need for Speedô Heat,
??,Your Mom,???????????
????????,If Not Mad How Could We Love,?????????????
????????,NEEDY STREAMER OVERLOAD,
????:?? Assetto Corsa Competizione,Assetto Corsa Competizione,
 ?????!,No Ticket? Get Off!,???????????
????? Dark and Darker,Dark and Darker,
??*??,Senren*Banka,
,Spoiled Hero Fantasy World RPG,
,Your Other Wife,
,Crossdressing Mythology,
,Mira and the Mysterious Alchemy,
,Witch of the Dark Eclipse,
,Guild Receptionist's Service,
,Rize and the City of Trials,
,Clumsy Shrine Maiden and Succubus Island,
,Nightmare Knight ~Holy Maiden and Corrupted Magic~,
,Crossdressing Shrine,
,Wondrous Days with Slime Girl,
,Strongest Angel Sariel!,
´????:????ª???,Need for Speed: Hot Pursuit Remastered,
007 ????,007: First Light,
??:?? 1896(???),Hunt: Showdown 1896 (Test Server),
????2 ???,BioShock 2 Remastered,
???20??,20 Minutes Till Dawn,
??,Detention,
????,Silly Polly Beast,
???:??????,Sniper Ghost Warrior Contracts,
???:???????,The Legend of Tianding,
? ~?????~,FATAL FRAME / PROJECT ZERO: Maiden of Black Water,
????,Slaughter Furnace,????????Steam?????
????,Saya no Uta ~ The Song of Saya,
??????,The Talos Principle,
,,
????:?????,Potion Craft: Alchemist Simulator,
Craftopia / ?????,Craftopia,
????? DAVE THE DIVER,DAVE THE DIVER,
??? Eclipsium,Eclipsium,
Grand Theft Auto V ???,Grand Theft Auto V: Enhanced Edition,
´????Æ:????Æ II 2022ª,Call of DutyÆ: Modern WarfareÆ II (2022),
???? ( Not For Broadcast ),Not For Broadcast,
???? Playtest,Engine Fall Playtest,
Squad - ?????,Squad - Public Test Server,
???? / The Ascent,The Ascent,
?∑????? Vengeance,Shin Megami Tensei V: Vengeance,
?? Warm Snow,Warm Snow,
