游戏名称,总游戏时间,最后运行日期,成就完成情况
Resident Evil Requiem,23.8 小时,3月5日,49/49
彩虹六号：围攻,"1,202.7 小时",2023年11月2日,0/48
Wallpaper Engine：壁纸引擎,569.6 小时,3月7日,14/17
Apex Legends,289 小时,2024年5月14日,12/12
HELLDIVERS™ 2,287.6 小时,2月15日,38/38
DARK SOULS™ III,241.6 小时,2025年11月21日,36/43
Red Dead Redemption 2,238 小时,2025年11月20日,33/51
艾尔登法环,227.1 小时,2025年8月13日,42/42
Monster Hunter: World,207.8 小时,2025年8月20日,53/100
Grand Theft Auto V 传承版,192.1 小时,2021年8月4日,20/77
赛博朋克 2077,174.9 小时,2024年12月4日,33/57
Watch_Dogs 2,133.8 小时,2020年7月9日,0/55
METAL GEAR SOLID V: THE PHANTOM PAIN,130.3 小时,昨天,32/42
Mortal Kombat 11,128.4 小时,2月10日,22/58
Sekiro™: Shadows Die Twice,132.6 小时,2月11日,31/34
巫师 3：狂猎,122.4 小时,2025年12月27日,44/78
HITMAN World of Assassination,119.8 小时,3月7日,57/83
Dying Light,116.1 小时,2025年9月20日,48/78
艾尔登法环 黑夜君临,114.2 小时,1月6日,37/37
MONMUSU,107.6 小时,2019年12月23日,12/12
Just Cause 3,106 小时,2022年9月14日,46/66
刺客信条：起源,102.3 小时,2021年7月26日,46/67
命运2,100.5 小时,2022年9月14日,12/23
使命召唤®,91.1 小时,2025年10月11日,21/157
Portal Knights,84.2 小时,2020年5月15日,26/40
放松时光：与你共享Lo-Fi故事,81 小时,1月3日,16/23
Tom Clancy's The Division,80.7 小时,2025年8月29日,42/60
女神异闻录３ Reload,76.9 小时,2025年10月23日,52/56
Titanfall® 2,74.8 小时,2025年1月17日,50/50
DARK SOULS™: REMASTERED,72.2 小时,2021年11月9日,29/41
gogh: 虚拟形象与专注,71.9 小时,1月27日,28/77
PAYDAY 2,69.4 小时,2023年9月11日,185/1328
Dishonored 2,66.9 小时,2025年2月13日,29/50
Banana,64.6 小时,2024年6月19日,1/76
Devil May Cry 5,62.9 小时,2025年11月19日,33/55
Ready or Not,61.8 小时,2025年7月21日,14/66
天国：拯救2,60.5 小时,1月15日,23/83
DEATH STRANDING,59.4 小时,2022年7月3日,50/63
Beat Saber,57.2 小时,3月10日,12/26
为了吾王 / For The King,56.5 小时,2月17日,51/78
DARK SOULS™ II: Scholar of the First Sin,60 小时,2月5日,23/38
Middle-earth™: Shadow of War™,53.5 小时,2019年12月21日,37/72
极限竞速：地平线 5,52.7 小时,3月10日,50/164
无主之地3,49.8 小时,2023年6月7日,47/81
Ghost of Tsushima导演剪辑版,49.3 小时,1月1日,36/77
The Elder Scrolls V: Skyrim Special Edition,48.3 小时,2019年6月10日,28/75
战锤40K：暗潮,47.9 小时,2月1日,17/36
METAL GEAR SOLID Δ: SNAKE EATER,55.6 小时,3月10日,45/45
PUBG: BATTLEGROUNDS,47.6 小时,2023年5月31日,0/37
HITMAN™,47.3 小时,2018年11月9日,29/69
神界：原罪2 - 终极版,47 小时,2022年8月6日,35/97
Live2DViewerEX,47 小时,2021年12月25日,
Counter-Strike 2,46 小时,1月28日,1/1
黎明杀机,44.7 小时,2024年7月26日,44/294
Terraria,44.6 小时,2023年9月14日,54/137
真人快打 1 ,45.6 小时,2月10日,40/50
Monster Hunter Wilds,41.4 小时,2025年8月23日,27/50
Borderlands 2,41.4 小时,2019年9月29日,31/75
DOOM Eternal,38.2 小时,2025年8月10日,31/50
遗迹2,36.7 小时,2024年5月7日,36/65
影子武士2,36.7 小时,2024年8月28日,35/64
Stardew Valley,36.7 小时,2024年9月30日,9/49
Resident Evil 7 Biohazard,34.9 小时,2021年2月6日,31/58
消逝的光芒2: 重装上阵版,32.9 小时,2025年6月18日,32/65
God of War,32.8 小时,2022年11月13日,30/37
《战地风云™ 2042》,32.7 小时,2025年8月21日,15/34
"Hot Dogs, Horseshoes &amp; Hand Grenades",32.1 小时,1月3日,0/1
堕落少女：焰发的玛琪娜与遗迹之城,31.9 小时,2023年12月20日,33/34
DEATH STRANDING DIRECTOR'S CUT,31.3 小时,2月23日,53/63
Left 4 Dead 2,30.9 小时,2025年3月7日,17/101
虚拟桌宠模拟器,30.8 小时,2025年10月7日,33/75
Portal 2,29.5 小时,2023年7月16日,31/51
Ghostwire: Tokyo,29 小时,2023年4月17日,44/66
The Evil Within 2,28.7 小时,2021年2月10日,32/51
消逝的光芒：困兽,28.6 小时,2025年10月1日,16/35
Just Cause 4,28.2 小时,2019年12月6日,30/61
The Surge 2,28.1 小时,2020年1月22日,31/57
The Surge,28.1 小时,2019年11月20日,33/67
Hitman: Absolution,27.8 小时,2月18日,12/47
机战佣兵™VI 境界天火™,27.7 小时,1月20日,14/30
Wolfenstein II: The New Colossus,27.3 小时,2024年5月22日,25/80
Resident Evil 4,26.7 小时,2025年3月19日,20/46
战地风云™ 6,26.6 小时,2025年11月15日,12/53
《战地风云™ 6》Beta 公测,26.3 小时,2025年8月17日,
Dead Rising 4,26.3 小时,2022年8月15日,50/104
RWBY: Grimm Eclipse,26 小时,2020年5月22日,14/37
Muse Dash,25.5 小时,2月20日,20/39
Resident Evil Village,25.4 小时,2025年8月21日,37/56
Saints Row IV,25.3 小时,2017年7月10日,25/73
死亡空间,24.7 小时,2024年6月19日,40/47
深岩银河,23.1 小时,2023年3月16日,16/69
"Warhammer 40,000: 星际战士2",23.1 小时,2月6日,29/50
黑神话：悟空,23 小时,2024年8月27日,27/81
Sid Meier's Civilization VI,22.6 小时,2022年3月15日,9/320
Marvel’s Spider-Man Remastered,22.5 小时,2023年7月7日,58/78
Hi-Fi RUSH,22.3 小时,2023年12月19日,40/71
原子之心,21.9 小时,2023年8月3日,30/69
Doki Doki Literature Club,21.9 小时,2019年1月24日,
CODE VEIN,21.8 小时,2025年3月27日,21/43
Crosshair X,21.7 小时,3月5日,
DOOM,21.4 小时,2025年5月20日,18/54
DEATHLOOP,21.2 小时,2021年10月3日,34/58
7 Days to Die,21.2 小时,2022年3月16日,23/43
雨中冒险 2,21.2 小时,2022年8月4日,34/171
《星球大战 绝地：陨落的武士团™》,21.1 小时,2021年2月13日,21/39
DOOM: The Dark Ages,21 小时,2025年11月17日,28/28
Warhammer: Vermintide 2,20.8 小时,2022年8月16日,15/26
Schedule I,20.5 小时,2025年7月20日,8/13
Dead Cells,20.4 小时,2021年4月16日,32/121
ARK: Survival Evolved,20.1 小时,2021年9月26日,3/32
破门而入2：北方特遣队,20 小时,3月11日,14/81
妹相随～黑白世界的缤纷冒险～,19.8 小时,2025年2月23日,
Dishonored®: Death of the Outsider™ ,19.6 小时,2020年7月8日,14/30
PAYDAY3 (收获日3)  ,19.6 小时,2023年10月8日,5/22
Ghostrunner - 幽灵行者,19.3 小时,2023年10月25日,26/45
HITMAN™ 2,18.8 小时,2023年1月10日,28/146
Sea of Thieves,18.7 小时,2021年6月12日,26/287
Sons Of The Forest,18.7 小时,2023年3月12日,10/32
Vampyr,18.6 小时,2018年8月29日,18/28
Half-Life 2,18.6 小时,2025年5月9日,29/69
Middle-earth™: Shadow of Mordor™,18.3 小时,2017年11月15日,22/74
漫威暗夜之子,17.2 小时,2023年2月14日,14/72
Darkest Dungeon® II,17 小时,2024年5月16日,31/121
NieR:Automata™,16.9 小时,2019年3月4日,15/47
Dead Space 2,16.8 小时,2023年2月5日,
Prototype,16.6 小时,2017年7月11日,
Watch_Dogs,16.6 小时,2020年7月9日,0/49
The Evil Within,16.3 小时,2017年11月2日,14/71
Minecraft: Story Mode - A Telltale Games Series,16.3 小时,2017年6月23日,47/50
Assassin's Creed® III,15.9 小时,2017年5月25日,0/44
Half-Life: Alyx,15.5 小时,2024年1月23日,34/42
遗迹：灰烬重生,15.2 小时,2023年8月3日,31/50
Prey,15.1 小时,2021年9月13日,20/58
幽灵行动：荒野,14.9 小时,2021年12月24日,0/57
Sword Art Online: Fatal Bullet,14.9 小时,2018年3月31日,10/63
Wolfenstein: Youngblood,14.7 小时,2019年8月23日,21/60
双影奇境,14.7 小时,2025年5月2日,8/20
Mortal Kombat X,14.7 小时,2023年8月16日,14/73
Quantum Break,14.5 小时,2024年8月9日,33/42
OBS Studio,14.5 小时,2月10日,
人类一败涂地 / Human Fall Flat,13.9 小时,2020年5月23日,27/151
RAGE 2,13.7 小时,2022年1月19日,21/64
Call of Duty®: Black Ops Cold War,13.6 小时,2023年3月29日,17/44
Bully: Scholarship Edition,13.3 小时,2024年8月15日,
Devil May Cry 4 Special Edition,13.3 小时,2025年11月17日,5/42
Minecraft: Story Mode - Season Two,13.2 小时,2017年12月26日,30/30
逃离鸭科夫,13.2 小时,2月2日,26/55
Starfield,13.2 小时,2023年10月12日,5/62
Resident Evil 2,13.2 小时,2022年12月24日,21/44
DmC Devil May Cry,13 小时,2022年9月3日,25/58
HELLDIVERS™,13 小时,2024年10月29日,5/39
枪火重生,12.9 小时,2022年9月13日,49/134
宝藏猎人克莱儿,12.8 小时,2022年9月25日,
猎杀：对决 1896,12.7 小时,2022年2月15日,8/36
Duke Nukem Forever,12.7 小时,2020年5月22日,19/62
DARK SOULS™ II,12.6 小时,2018年9月21日,8/38
虚空列车,12.2 小时,2024年1月20日,0/55
桌面萌娘MMD,12.2 小时,2020年6月3日,
"《Warhammer 40,000：混沌之门 - 恶魔猎人》",12.2 小时,2023年4月12日,10/68
Mad Max,12.1 小时,2020年12月31日,9/49
VA-11 Hall-A: Cyberpunk Bartender Action,12 小时,2月9日,17/34
潜行者2：切尔诺贝利之心,11.8 小时,1月20日,10/58
编程农场,11.7 小时,2025年12月31日,22/59
Fallout 4,11.4 小时,2024年4月17日,7/84
Batman™: Arkham Knight,11.3 小时,2023年7月5日,15/113
无主之地®4,11.2 小时,2025年9月26日,4/46
女神异闻录5皇家版,11.1 小时,2024年9月19日,14/53
装机模拟器 (PC Building Simulator),11 小时,2025年5月12日,12/94
Megabonk,13.9 小时,1月29日,66/139
Pistol Whip,11 小时,2月6日,16/25
Zero Hour,10.7 小时,2023年6月7日,1/25
《木卫四协议》,10.6 小时,2023年8月2日,20/46
METAL GEAR SOLID V: GROUND ZEROES,10.8 小时,1月11日,7/16
双人成行,10.4 小时,2021年4月10日,7/20
极限竞速：地平线 4,10.4 小时,2024年10月6日,19/178
炼金术士柯蕾特：精华炼成物语,10.4 小时,2023年12月20日,
Dead Space (2008),10.4 小时,2023年1月10日,
Kingdom Come: Deliverance,10.4 小时,2025年11月22日,5/82
The Forest,10.3 小时,2022年6月21日,14/45
艾妮希雅与契约纹 ～马蹄大街的娇弱圣女～,10.2 小时,2024年9月6日,
Black Mesa,10.1 小时,2022年10月22日,7/50
绯红结系,10 小时,2021年6月26日,11/53
SCP: 5K (Alpha Testing),9.7 小时,2024年9月18日,5/24
Tom Clancy's Rainbow Six Siege - Test Server,9.7 小时,2021年8月13日,
PROTOTYPE 2,9.7 小时,2017年11月26日,17/43
戴森球计划,9.6 小时,2021年6月24日,0/128
Killing Floor 2,9.6 小时,2019年1月5日,29/307
Deadpool,9.3 小时,2024年8月6日,16/50
仁王 Complete Edition,9.1 小时,2020年3月7日,5/79
NEKOPARA Vol. 1,9.1 小时,2020年1月30日,12/14
BONEWORKS,9 小时,2020年12月30日,0/16
刺客信条：影,10.3 小时,2025年4月14日,12/72
A Story About My Uncle,8.7 小时,2017年8月15日,0/15
生化奇兵：无限 完全版,8.7 小时,2020年7月12日,26/80
Starbound,8.7 小时,2018年10月20日,10/51
Marvel's Spider-Man: Miles Morales,8.6 小时,2023年1月31日,34/50
Alan Wake,8.6 小时,2025年10月30日,29/67
Blender,8.5 小时,2025年11月13日,
Shadow of the Tomb Raider,8.5 小时,2020年4月7日,16/99
幽灵行者 2（Ghostrunner 2）,8.5 小时,2023年10月25日,16/34
Alice: Madness Returns,8.4 小时,2022年3月23日,
Unturned,8.3 小时,2020年3月16日,14/88
Cyberdimension Neptunia: 4 Goddesses Online,8 小时,2020年1月27日,28/50
Persona 5 Strikers,7.9 小时,2021年2月23日,9/47
Warframe 星际战甲,7.9 小时,2022年4月10日,19/193
Assassin's Creed Rogue,7.9 小时,2017年7月20日,0/46
Resident Evil 3,7.9 小时,2020年4月3日,24/32
Crime Scene Cleaner,7.8 小时,2025年9月26日,32/68
Aragami,7.8 小时,2017年10月20日,22/51
Void Bastards,7.7 小时,2023年12月10日,13/24
Dead Rising 3,7.6 小时,2019年4月12日,23/88
Draw &amp; Guess - 你画我猜,7.4 小时,2021年12月31日,
Insurgency: Sandstorm,7.4 小时,2022年6月21日,6/35
高塔之城的莉兹,7.3 小时,2022年8月22日,22/22
生死狙击2,7.3 小时,2022年10月6日,
"Warhammer 40,000: Space Marine - Anniversary Edition",7.2 小时,2023年4月10日,23/60
花开之魔种,7.2 小时,2024年1月1日,10/12
ASTRONEER,7.2 小时,2021年9月18日,7/56
AI LIMIT 无限机兵,7.7 小时,2025年7月28日,5/39
Totally Accurate Battlegrounds,7 小时,2022年2月1日,
Steelrising 钢之崛起 ,7 小时,2022年10月1日,12/55
MONSTER HUNTER RISE,6.9 小时,2022年5月3日,1/100
Wolfenstein: The New Order,6.9 小时,2021年5月30日,18/50
Furi,6.8 小时,2022年12月20日,11/33
The Outer Worlds 2,6.6 小时,2025年10月26日,4/48
METAL GEAR RISING: REVENGEANCE,7.2 小时,2024年12月24日,17/60
Operation Tango,6.6 小时,2022年1月24日,23/30
Devil May Cry HD Collection,6.5 小时,2022年9月3日,5/99
Hello Neighbor,6.5 小时,2017年12月18日,0/17
GTFO,6.4 小时,2021年12月17日,0/57
Phasmophobia 恐鬼症,6.3 小时,2022年12月1日,0/54
Call of Duty 4: Modern Warfare (2007),6.1 小时,2023年3月27日,
神乐幸存者：永夜,6.1 小时,2025年11月20日,53/108
ZomDay,6 小时,2021年4月29日,6/39
HOLE,6 小时,2025年9月10日,
米塔 MiSide,6 小时,2025年3月14日,15/26
GROUND BRANCH,5.9 小时,2025年7月12日,
VoiceAttack 2,5.8 小时,1月5日,
OUTRIDERS,5.7 小时,2021年7月22日,7/52
冲就完事模拟器,5.7 小时,2022年10月2日,3/100
Broforce,5.7 小时,2022年9月11日,5/17
Days Gone,5.7 小时,2021年5月31日,9/67
Whispers from the Star,5.7 小时,2025年9月20日,15/35
魔导士蒂亚与不可思议的大图书馆,5.7 小时,2023年12月20日,
KurtzPel,5.7 小时,2020年8月8日,21/85
Dirty Bomb,5.6 小时,2018年8月31日,13/77
The Escapists 2,5.6 小时,2020年6月21日,5/58
PAYDAY 3 - Beta,5.6 小时,2023年9月11日,
少女怪盗赛丽安娜,5.6 小时,2025年11月7日,
边境,5.5 小时,2024年1月16日,
Gears 5,5.5 小时,2020年5月26日,9/181
触手星人异界创业记,5.5 小时,2025年11月7日,
雅皮士精神,5.5 小时,2021年12月24日,13/48
Dishonored,5.5 小时,2018年1月25日,9/80
Dark Elf,5.5 小时,2019年7月20日,
Spirit City: Lofi Sessions,5.5 小时,2025年1月10日,9/34
Zombie Army 4: Dead War,5.5 小时,2022年7月31日,11/70
Metal: Hellsinger,5.4 小时,2024年12月6日,20/28
Fallout 76,5.3 小时,2020年5月20日,8/72
Job Simulator,5.3 小时,2018年12月25日,4/11
ICEY,5.3 小时,2018年1月25日,18/34
Dead Space™ 3,5.3 小时,2023年2月1日,30/58
Duck Game,5.3 小时,2020年2月2日,2/18
致命解药,5.3 小时,1月20日,0/18
Blade &amp; Sorcery,5.3 小时,2月3日,0/37
Raft,5.3 小时,2023年12月26日,8/104
Youtubers Life,5.1 小时,2017年8月13日,15/63
围攻,5 小时,2017年7月26日,0/50
Hacknet,5 小时,2024年6月29日,5/11
GUILTY GEAR -STRIVE-,5 小时,2025年3月25日,9/39
Keep Talking and Nobody Explodes,5 小时,2023年11月28日,3/10
《法外枭雄：滚石城》Crime Boss: Rockay City,5 小时,2025年6月19日,6/45
Darkest Dungeon®,4.9 小时,2024年4月13日,13/120
SIGNALIS,5.1 小时,2025年8月13日,6/13
致命解药 测试版,4.8 小时,2024年10月7日,3/19
诺艾尔会努力的！,4.8 小时,2023年12月20日,
破门而入：行动小队,4.8 小时,2021年2月23日,18/51
袜罪并罚！,4.8 小时,2025年8月17日,0/31
暗喻幻想：ReFantazio,4.7 小时,2024年10月13日,6/44
東方憑依華　～ Antinomy of Common Flowers.,4.7 小时,2018年7月29日,
Stick Fight: The Game,4.7 小时,2020年1月30日,19/28
Wolfenstein: The Old Blood ,4.6 小时,2024年5月7日,18/50
Police Stories,4.6 小时,2024年5月11日,26/39
加把劲魔女,4.6 小时,2月9日,11/31
Batman: Arkham City GOTY,4.6 小时,2023年7月7日,6/64
Slime Rancher,4.6 小时,2018年1月26日,21/57
Street Fighter 6,4.6 小时,2025年6月7日,9/43
Injustice™ 2,4.6 小时,2024年2月19日,2/74
Mirror,4.5 小时,2019年5月3日,43/114
我的朋友佩德罗,4.4 小时,2025年5月8日,19/30
Subnautica - 深海迷航,4.4 小时,2018年6月6日,1/17
Halo: The Master Chief Collection,4.4 小时,1月13日,14/700
Marvel’s Avengers |《漫威复仇者》终极版,4.4 小时,2020年9月16日,12/50
Sleeping Dogs: Definitive Edition,4.4 小时,2018年11月4日,9/59
Subverse,4.4 小时,2024年11月3日,0/52
3DMark,4.4 小时,2025年4月8日,7/29
女神异闻录4 无敌究极后桥背摔,4.3 小时,2024年4月3日,3/51
公主养成计划,4.2 小时,2023年12月20日,
Fashion Police Squad,4.2 小时,2024年10月29日,12/25
Mirror's Edge,4.2 小时,2017年7月22日,
No Man's Sky 无人深空,4.2 小时,2024年7月29日,1/27
We Happy Few,4.1 小时,2016年10月5日,0/70
崩坏3,4.1 小时,2023年1月19日,
超级鸡马,4 小时,2018年6月24日,6/31
World of Guns: Gun Disassembly,4 小时,2025年4月23日,23/42
边缘世界 RimWorld,3.9 小时,2月24日,
West of Loathing,3.9 小时,2019年8月29日,1/28
Getting Over It with Bennett Foddy,3.8 小时,2019年9月14日,0/3
乱欲牢城~监狱都市的花之少女~,3.8 小时,2025年4月22日,
共享委员长,3.8 小时,2022年9月25日,
机械战警：暴戾都市,4.7 小时,2025年7月24日,15/27
女神异闻录４ 黄金版,3.9 小时,2024年6月6日,3/50
惩戒魅魔,3.6 小时,2024年8月18日,0/3
音灵 INVAXION,3.6 小时,2019年5月27日,5/99
Kill The Crows,3.6 小时,2月12日,16/31
SYNTHETIK,3.6 小时,2024年10月29日,3/27
Terminator: Resistance,3.6 小时,2022年8月12日,16/36
近畿霊務局,3.5 小时,1月26日,
Arizona Sunshine,3.5 小时,2019年12月13日,19/48
No More Heroes 3,3.5 小时,2025年11月20日,11/51
影子武士3：决定版,3.4 小时,2022年4月10日,28/38
Insurgency,3.4 小时,2019年2月3日,5/100
Tilt Brush,3.4 小时,2016年9月10日,
Ghostrunner Demo,3.3 小时,2020年12月16日,
Lost,3.3 小时,2020年6月17日,21/21
Granblue Fantasy: Relink,3.3 小时,2025年4月17日,17/54
Tetris® Effect: Connected,3.3 小时,2024年3月11日,4/43
Tomb Raider,3.2 小时,2020年4月6日,2/50
The Typing of The Dead: Overkill,3.2 小时,2月12日,4/33
喋血复仇,3.2 小时,2021年10月25日,11/93
DOOM + DOOM II,3.2 小时,2月12日,5/33
SUPERHOT,3.2 小时,2020年5月23日,12/26
Paint the Town Red,3.2 小时,2017年6月2日,0/30
I Expect You To Die,3.2 小时,2023年8月4日,5/11
Maximum Action,3.1 小时,2024年8月13日,
Incredibox,3.1 小时,2025年5月4日,
Pacify,3.1 小时,2020年10月31日,15/52
ZOMBI,3 小时,2023年2月12日,11/20
博德之门3,2.9 小时,2023年9月19日,1/54
Lost Ruins,2.9 小时,2021年12月6日,8/40
NEKOPARA Vol. 2,2.9 小时,2020年1月30日,17/20
Generation Zero®,2.9 小时,2020年1月5日,8/72
小缇娜的奇幻之地,2.9 小时,2022年10月25日,7/47
DOOM 64,2.9 小时,2025年2月14日,1/10
Choo-Choo Charles,2.8 小时,2022年12月15日,22/25
Half-Life,2.8 小时,2023年11月24日,
APB Reloaded,2.8 小时,2016年11月20日,0/60
Stray,2.8 小时,2022年10月24日,7/24
Thumper,2.8 小时,2021年6月4日,3/19
Sniper Elite 4,2.7 小时,2022年7月27日,4/85
女神异闻录５ 战略版,2.7 小时,2024年3月30日,3/40
迷走深空：碎舰师,2.7 小时,2024年4月22日,0/27
控制 - 终极合辑 / Control Ultimate Edition,2.7 小时,2021年1月3日,21/67
Phoenix Wright: Ace Attorney Trilogy,2.7 小时,2021年3月26日,3/30
魔法·勇者·大冒险！,2.7 小时,2025年11月8日,
ELEX,2.6 小时,2018年7月25日,5/50
Fallout 4 VR,2.6 小时,2018年10月26日,1/50
纪元: 变异,2.6 小时,2022年3月22日,11/36
在校工室与JK共度的日常,2.6 小时,2025年11月11日,5/5
XCOM 2,2.6 小时,2019年1月5日,3/88
"Warhammer 40,000: 行商浪人",2.6 小时,2025年1月9日,1/106
《极品飞车™：不羁》,2.6 小时,2023年11月26日,7/41
Agents of Mayhem,2.5 小时,2017年10月26日,10/49
嗜血印 Bloody Spell,2.5 小时,2024年8月17日,0/60
Little Witch Nobeta,2.5 小时,2020年6月28日,5/42
魅魔之森~我被魔物娘包围了~,2.5 小时,2025年3月16日,
Portal,2.5 小时,2023年7月3日,5/15
碧海黑帆,2.5 小时,2025年10月26日,7/50
文字化化：Homicipher,2.5 小时,2024年11月27日,
Neon White,2.5 小时,2022年11月9日,7/63
Outlast 2,2.5 小时,2019年9月13日,1/24
The Heiress,2.4 小时,2019年7月20日,
The First Descendant,2.4 小时,2025年6月21日,6/24
Gun Club VR,2.4 小时,2023年7月26日,12/37
互联网原住民Internet Generation,2.4 小时,2022年12月15日,18/20
Portal: Revolution,2.4 小时,2024年1月11日,6/21
Ravenfield,2.3 小时,2023年5月31日,
"El Paso, Elsewhere",2.3 小时,2月24日,7/21
Elin,2.3 小时,3月6日,0/21
奥拓星球：强敌 / Autonauts VS. Piratebots,2.2 小时,2023年7月4日,0/29
Minecraft Dungeons,2.2 小时,2021年9月25日,7/104
Mortal Kombat Komplete Edition,2.2 小时,2023年8月27日,5/50
Skate Story,2.2 小时,2025年12月19日,6/26
深海迷航：冰点之下,2.1 小时,2021年6月19日,3/13
Bayonetta,2.1 小时,2022年10月11日,5/50
Hello Neighbor 2,2.1 小时,2023年2月4日,6/14
Saints Row: Gat out of Hell,2.1 小时,2017年3月18日,4/45
Doctor Who: The Lonely Assassins,2.1 小时,2023年10月16日,
死域Rogue,2.1 小时,2025年5月16日,14/58
"《Warhammer 40,000: Dawn of War》——周年纪念版 ",2.1 小时,2021年12月29日,
Budget Cuts,2 小时,2018年6月21日,0/30
Garry's Mod,2 小时,2023年9月27日,3/29
JOJO的奇妙冒险 群星之战 重制版,2 小时,2025年10月24日,10/46
SOULCALIBUR VI,2 小时,2019年11月28日,3/49
Just Cause 2,2 小时,2020年5月25日,3/50
Life is Strange™,119 分钟,2018年7月19日,3/60
女魔王梅丽莎的冒险,118 分钟,2023年7月10日,
NEKO-NIN exHeart,118 分钟,2018年5月21日,
LawBreakers,115 分钟,2017年10月3日,1/43
METALLIC CHILD,115 分钟,2021年9月18日,2/40
NEKOPARA Vol. 3,114 分钟,2020年6月21日,25/27
The Walking Dead: Saints &amp; Sinners,114 分钟,2020年4月9日,2/45
生化奇兵 重制版,113 分钟,2019年5月27日,8/65
Horizon Zero Dawn™ Complete Edition,113 分钟,2021年8月5日,4/79
House Party,113 分钟,2021年5月1日,0/91
Space Pirate Trainer,112 分钟,2023年8月5日,3/10
Need for Speed: Hot Pursuit,3.4 小时,2022年12月20日,
Tabletop Simulator,110 分钟,2022年4月4日,2/26
Baba Is You,109 分钟,2023年3月10日,0/18
Spell Fighter VR,109 分钟,2016年6月9日,
NEKO-NIN exHeart 2,108 分钟,2018年5月25日,
SUCCUBUS,107 分钟,2022年9月5日,7/30
Teardown,107 分钟,2023年11月7日,4/27
帝国入境所,106 分钟,2022年9月25日,
Grand Theft Auto: San Andreas,104 分钟,2023年1月19日,
Psychonauts 2,104 分钟,2023年1月5日,11/57
恐怖的世界,103 分钟,2023年10月26日,
深红之狱的女剑士 - 蒂娜,103 分钟,2019年8月31日,
Westerado: Double Barreled,103 分钟,2017年10月20日,4/79
Deadlock,102 分钟,2025年10月12日,
Spin Rhythm XD,102 分钟,2023年4月15日,12/46
修女露米娜与催眠教团,99 分钟,2024年10月10日,
Ultimate Marvel vs. Capcom 3,99 分钟,2024年2月19日,1/47
 AI2U: 与你直到世界尽头 ~ 我的病娇猫娘AI女友,98 分钟,2月15日,16/77
SILENT HILL f,96 分钟,2025年9月27日,2/56
流氓软件,95 分钟,2024年9月23日,4/16
武士 零,95 分钟,2025年5月3日,0/22
Aliens: Fireteam Elite,91 分钟,2025年5月5日,8/46
Viscera Cleanup Detail,91 分钟,2021年11月28日,1/85
Ben and Ed,90 分钟,2017年7月30日,2/19
循环勇士,89 分钟,2月9日,4/50
Company of Heroes ,89 分钟,2021年12月28日,
JUMP FORCE,89 分钟,2019年3月11日,0/50
海参2,88 分钟,2024年9月24日,11/49
相声模拟器,89 分钟,2024年3月5日,36/56
葬花·暗黑桃花源,88 分钟,2021年10月25日,6/34
Salt and Sanctuary,88 分钟,2022年1月6日,3/37
Remember Me,87 分钟,2月6日,4/50
West of Dead,85 分钟,2020年6月28日,2/24
Library Of Ruina,84 分钟,2021年2月17日,0/76
Who's Your Daddy?!,83 分钟,2016年10月5日,0/44
光明记忆,82 分钟,2019年12月28日,6/12
释放自我！户外直播体验,82 分钟,2025年10月30日,4/5
Poly Bridge,81 分钟,2017年2月24日,1/22
Monster Hunter Wilds Beta test,79 分钟,2025年2月7日,
Garbage Day,78 分钟,2018年12月17日,
检疫区：最后一站,77 分钟,1月15日,10/25
BattleBit Remastered Playtest,77 分钟,2023年6月10日,
Haydee,77 分钟,2018年8月9日,4/23
I Expect You To Die 2,77 分钟,2024年1月6日,2/19
ULTRAKILL,77 分钟,2023年1月7日,
剑星,75 分钟,2025年6月13日,2/45
The Henry Stickmin Collection,74 分钟,2023年11月3日,18/82
灾难实验室,73 分钟,2022年9月23日,13/22
恶魔轮盘,72 分钟,2025年11月27日,2/16
Turbo Overkill,72 分钟,2月12日,0/67
友尽高尔夫,70 分钟,2018年12月15日,4/83
HackHub Demo,70 分钟,2025年7月29日,
笼中窥梦 Moncage,70 分钟,2021年11月22日,8/15
Overcooked,70 分钟,2018年7月29日,4/12
Aimlabs,69 分钟,2021年9月18日,5/100
One-armed robber,69 分钟,2024年9月19日,6/43
Project Zomboid,69 分钟,2023年4月8日,
沙威玛传奇 - Shawarma Legend,69 分钟,2024年10月3日,
SUPERHOT: MIND CONTROL DELETE,69 分钟,2020年9月16日,7/14
SNOW,68 分钟,2016年8月14日,0/33
Succubus Farm,67 分钟,2022年9月19日,
Half-Life 2 RTX,66 分钟,2025年4月4日,
超自然车旅 Pacific Drive,66 分钟,2025年9月30日,5/49
Assassin's Creed Liberation,65 分钟,2017年3月30日,0/30
Metro 2033 Redux,65 分钟,2021年2月25日,0/49
Red Dead Redemption,65 分钟,1月1日,2/51
仙肴圣餐,64 分钟,2024年10月10日,
The Lab,64 分钟,2019年12月23日,
关于我转生变成魅魔这档事,63 分钟,2024年1月21日,
Patrick's Parabox,68 分钟,2023年3月27日,4/22
West of Dead Beta,62 分钟,2020年4月6日,
NEKOPARA Vol. 4,61 分钟,2021年2月11日,12/19
The Awesome Adventures of Captain Spirit,60 分钟,2018年8月10日,
Bomb Rush Cyberfunk,57 分钟,2024年4月13日,0/23
Into the Breach,56 分钟,2021年7月21日,1/70
UNYIELDER -不屈者-,56 分钟,2025年10月1日,0/61
漫威争锋,55 分钟,2024年12月14日,0/49
Helltaker,55 分钟,2024年4月23日,3/10
Metro Exodus,55 分钟,2021年2月5日,0/68
Fruit Ninja VR,54 分钟,2023年8月3日,9/19
Lobotomy Corporation,54 分钟,2019年3月30日,
Max Payne 3,54 分钟,2018年5月1日,0/67
Rhythm Doctor 节奏医生,54 分钟,2021年9月4日,0/34
Vampire Survivors - 吸血鬼幸存者,54 分钟,2025年10月27日,12/243
VR Kanojo,54 分钟,2018年5月27日,
火线迈阿密2：空号,53 分钟,2024年10月29日,1/29
与长生狐一起的30天,53 分钟,2025年11月8日,9/9
Entropy : Zero 2,53 分钟,2022年10月11日,2/39
Galaxy Burger,53 分钟,2024年9月5日,2/14
Goat Simulator,53 分钟,2017年2月18日,11/127
Overcooked! 2,53 分钟,2019年9月2日,1/54
東方天空璋 ～ Hidden Star in Four Seasons.,52 分钟,2018年1月28日,
Shadow Warrior Classic (1997),52 分钟,2023年11月7日,
帕斯卡契约：终极版,51 分钟,2021年3月20日,4/82
Cuphead,51 分钟,2022年3月14日,0/42
Saints Row 2,51 分钟,2016年10月5日,
Surgeon Simulator VR: Meet The Medic,51 分钟,2016年8月1日,
Undertale,51 分钟,2017年11月26日,
BlazBlue Cross Tag Battle,49 分钟,2021年6月27日,5/42
DOOM II,49 分钟,2020年1月29日,
Fallen Aces,49 分钟,2025年7月20日,
World of Warships,49 分钟,2018年11月16日,0/43
遗迹探索者,48 分钟,2020年6月18日,
Call of Juarez Gunslinger,48 分钟,2020年6月5日,4/26
Miss Neko 2,48 分钟,2022年9月21日,87/100
NEKOPARA Extra,48 分钟,2018年7月28日,12/13
Resident Evil 4 (2005),48 分钟,2023年10月19日,1/12
动物之鬪,47 分钟,2023年10月5日,3/21
Alan Wake's American Nightmare,47 分钟,2023年12月22日,2/12
Audioshield,47 分钟,2019年1月8日,
Dying Light: Bad Blood,47 分钟,2019年2月8日,
Killing Floor: Incursion,47 分钟,2018年8月21日,0/29
Mahou Arms,47 分钟,2020年5月25日,0/42
Metro Exodus Enhanced Edition,47 分钟,2024年1月1日,0/68
BOXVR,46 分钟,2019年12月11日,3/22
Palworld / 幻兽帕鲁,46 分钟,2024年2月9日,1/57
Postal 3,46 分钟,2016年8月8日,2/35
《守望先锋®》,45 分钟,2023年8月16日,0/164
火线迈阿密,45 分钟,2022年9月25日,4/35
Deus Ex: Mankind Divided™,45 分钟,2022年11月9日,2/81
No More Heroes,45 分钟,2025年11月19日,1/20
Squad,45 分钟,2021年5月31日,
Surgeon Simulator,45 分钟,2016年11月26日,4/123
F.E.A.R. 2: Project Origin,44 分钟,2021年1月12日,
MISERY核处逢生,44 分钟,1月20日,0/29
Poly Runner VR,44 分钟,2016年8月20日,
狙击手：幽灵战士契约 2,43 分钟,2025年7月12日,6/43
合金天使：堕入伊甸,43 分钟,2025年9月10日,1/26
星球大战™：战机中队,43 分钟,2023年11月28日,1/47
Senua’s Saga: Hellblade II,43 分钟,2024年8月13日,2/12
超阈限空间 Superliminal,43 分钟,2023年1月10日,1/27
催眠公主骑士,42 分钟,2月7日,
Apex Aim Trainer,42 分钟,2021年5月30日,
《神力科莎：拉力》Assetto Corsa Rally,42 分钟,2025年11月27日,
EroPhone,42 分钟,2021年9月27日,14/22
Mortal Kombat: Legacy Kollection,42 分钟,2月8日,0/35
吉星派对,41 分钟,2025年8月10日,
The Elder Scrolls V: Skyrim VR,41 分钟,2019年1月7日,2/75
Portal with RTX,41 分钟,2022年12月23日,1/15
都市传说解体中心,8.9 小时,2025年5月18日,3/6
烧肉模拟器,40 分钟,2025年11月15日,0/20
双点医院,44 分钟,2023年11月29日,1/61
Hyperdimension Neptunia Re;Birth1,40 分钟,2018年5月19日,2/45
THE KING OF FIGHTERS XIII STEAM EDITION,39 分钟,2020年10月14日,0/46
诡野西部: 决定版,38 分钟,2022年5月20日,2/53
终点咖啡馆,38 分钟,2024年6月5日,2/11
Aim Hero,38 分钟,2021年5月15日,
VRChat,38 分钟,2019年5月3日,
奴隶之剑,37 分钟,2019年1月22日,
Fallout: New Vegas,37 分钟,2019年9月14日,1/75
The Long Dark,37 分钟,2020年3月26日,1/75
Push Me Pull You,37 分钟,2017年7月15日,0/11
阿尔迪亚之塔,35 分钟,2024年1月21日,
堕落之城莱蒂达亚,35 分钟,2023年12月20日,
黑色幸存者,35 分钟,2019年4月27日,
ACE COMBAT™7: SKIES UNKNOWN,35 分钟,2024年9月26日,2/49
Duck Season,35 分钟,2019年3月15日,2/23
救命！怎么又塌了!,34 分钟,2025年11月29日,2/29
Elise the Devil,34 分钟,2020年11月1日,
Hover,34 分钟,2025年3月17日,0/10
Nightmare Kart,34 分钟,2024年6月10日,0/25
Plague Inc: Evolved,34 分钟,2020年1月26日,8/237
Slay the Spire,34 分钟,2020年10月23日,1/46
饿殍：明末千里行,33 分钟,2024年9月23日,0/16
愤怒的大脚,33 分钟,2024年7月15日,1/30
指尖碎裂,33 分钟,2月3日,2/37
Forgive Me Father 2,33 分钟,2024年11月13日,1/32
Shotgun Cop Man - 霰弹警长,33 分钟,2025年5月12日,7/21
SUCCUBUS: Prologue,33 分钟,2021年2月5日,
War Thunder,33 分钟,2021年7月21日,0/90
电车解题,32 分钟,2025年10月1日,1/13
光明记忆：无限,32 分钟,2023年9月23日,0/30
Aperture Desk Job,32 分钟,2022年10月21日,
Bloodstained: Ritual of the Night,32 分钟,2019年12月20日,1/57
红怪,31 分钟,2020年8月7日,6/21
In Sound Mind,31 分钟,2023年2月14日,4/32
NEKO-NIN exHeart +PLUS Saiha,31 分钟,2018年5月25日,
Superdimension Neptune VS Sega Hard Girls,31 分钟,2018年5月19日,4/38
二分之一,30 分钟,2023年4月12日,1/49
Barotrauma 潜渊症,30 分钟,2021年10月25日,1/76
F1® 25,30 分钟,2025年11月27日,2/46
Intruder,30 分钟,2021年8月24日,
Music Racer,30 分钟,2020年12月21日,3/15
POSTAL 4: No Regerts,29 分钟,2022年11月12日,1/23
"Warhammer 40,000: Darktide Closed Beta",29 分钟,2022年10月14日,
Company of Heroes: Eastern Front,28 分钟,2021年12月28日,0/42
Injustice: Gods Among Us Ultimate Edition,28 分钟,2023年12月10日,3/50
东方夜雀食堂 - Touhou Mystia's Izakaya,28 分钟,2021年8月9日,0/141
夺宝奇兵：古老之圈 ,42 分钟,2025年8月5日,1/55
人中之龙０　誓约的场所,27 分钟,2024年4月4日,1/55
Cloudpunk,27 分钟,2021年7月20日,6/79
非常普通的鹿 DEEEER Simulator,27 分钟,2025年1月22日,2/17
RUNNING WITH RIFLES,27 分钟,2019年2月5日,1/45
人中之龙7　光与暗的去向　国际版,26 分钟,2023年11月26日,0/63
Brewmaster 酿酒大师,26 分钟,2023年1月5日,2/54
The Brookhaven Experiment,26 分钟,2019年12月23日,1/20
Crazy Taxi,26 分钟,2024年6月30日,0/12
Jet Set Radio,26 分钟,2024年6月25日,2/30
Serious Sam 3: BFE,26 分钟,2017年7月13日,2/62
《文字游戏》,25 分钟,2022年5月25日,2/59
武装突袭3,25 分钟,2020年4月21日,2/123
Boomerang X,25 分钟,2025年10月2日,8/60
Just Cause,25 分钟,2018年9月4日,
Just Cause™ 3: Multiplayer Mod,25 分钟,2018年8月13日,
Project Warlock,25 分钟,2025年6月6日,0/20
Tomb Raider I-III Remastered Starring Lara Croft,25 分钟,2025年6月6日,0/284
BrainBread 2,24 分钟,2017年1月1日,0/100
The Witcher: Enhanced Edition,24 分钟,2020年1月10日,
列维坦,23 分钟,2020年5月20日,0/31
指尖疾速：打字狂潮,23 分钟,2月2日,0/68
F.E.A.R.,23 分钟,2021年1月12日,
Hentai Girl,23 分钟,2020年6月21日,3000/3000
Hitman: Blood Money,23 分钟,2017年2月19日,
Move or Die,23 分钟,2019年6月26日,1/66
Return to Castle Wolfenstein,23 分钟,2019年8月18日,
Valheim: 英灵神殿,23 分钟,2021年4月23日,
"Warhammer 40,000: Dawn of War II - Anniversary Edition",23 分钟,2022年4月12日,1/73
Ghost Trick: Phantom Detective,22 分钟,2024年5月9日,1/30
ISLAND,22 分钟,2018年12月1日,
Mortal Shell,22 分钟,2023年2月6日,1/37
NEKO-NIN exHeart 2 Love+PLUS,22 分钟,2019年5月3日,
Resident Evil Re:Verse,22 分钟,2022年10月25日,3/12
Mirror 2: Project X,21 分钟,2022年1月22日,1/1
SCP秘密实验室 / SCP: Secret Laboratory,21 分钟,2019年12月14日,2/52
Thief Simulator,21 分钟,2023年11月25日,0/33
艾蜜莉的堕落轮回～魔法学院与永无止尽的一周～,20 分钟,2月6日,1/3
女神异闻录３ 携带版,20 分钟,2024年3月7日,0/36
Counter Fight,20 分钟,2023年8月3日,
Just Shapes &amp; Beats,20 分钟,2025年8月23日,0/26
Melatonin,20 分钟,2024年4月27日,0/14
NEKOPARA Vol. 0,20 分钟,2017年10月1日,9/13
POSTAL 2,20 分钟,2016年8月1日,0/89
Seek Girl Ⅲ,20 分钟,2020年6月17日,35/35
Seek Girl Ⅳ,20 分钟,2020年6月25日,35/35
小骨：英雄杀手(Skul: The Hero Slayer),20 分钟,2021年2月6日,2/101
冠位功夫娘,19 分钟,2022年9月26日,
时间旅者：重生曙光,19 分钟,1月11日,2/47
Beyond Good &amp; Evil,19 分钟,2022年5月17日,
枪豆人 Playtest,19 分钟,2024年8月18日,
Doki Doki Literature Club Plus!,18 分钟,2021年7月20日,0/19
THE HOUSE OF THE DEAD: Remake,18 分钟,2023年2月28日,6/41
饥荒联机版,17 分钟,2019年2月9日,
主播女孩重度依赖 网络梗打字通,17 分钟,2025年12月3日,1/7
Bulletstorm: Full Clip Edition,17 分钟,2023年2月4日,0/60
Hellblade: Senua's Sacrifice,17 分钟,2023年4月22日,2/14
Hyperdimension Neptunia U: Action Unleashed,17 分钟,2018年6月24日,3/35
孤狼 OTXO,17 分钟,2024年4月2日,1/18
"Resident Evil 2 ""1-Shot Demo""",17 分钟,2019年1月15日,2/6
RoboCop: Rogue City - Unfinished Business,18 分钟,2025年8月2日,1/25
Sunset Overdrive,17 分钟,2024年4月11日,2/80
SWAT Commander: Prologue Playtest,17 分钟,2023年7月25日,
Toki Tori 2+,17 分钟,2023年1月3日,0/38
UNBEATABLE [white label],17 分钟,2022年4月2日,2/3
与魅魔莉莉姆的同居生活,16 分钟,2020年12月28日,
Hitman: Sniper Challenge,16 分钟,2017年1月20日,
LEGO® STAR WARS™: The Force Awakens,16 分钟,2020年1月28日,0/69
Metal Wolf Chaos XD,16 分钟,2024年6月15日,1/47
Touhou Luna Nights,16 分钟,2019年3月30日,0/22
TUNIC,16 分钟,2024年9月19日,1/36
WAR DUST,16 分钟,2019年1月3日,
Wolfenstein 3D,16 分钟,2023年11月7日,
魔斗姬莉斯缇亚,15 分钟,2022年8月21日,
雨夜迷醉时～A night filled with the sound of rain～,15 分钟,2025年10月1日,
Cities: Skylines,15 分钟,2021年2月14日,1/135
Hellish Quart,15 分钟,1月3日,0/27
Stellaris,15 分钟,2021年8月2日,0/211
Tales of Berseria,15 分钟,2019年5月8日,0/51
芙哇芙哇女仆咖啡厅,15 分钟,2025年7月21日,0/28
美少女万华镜 -理与迷宫的少女-,14 分钟,2021年10月19日,
Dark Messiah of Might &amp; Magic Single Player,14 分钟,2020年8月10日,
Door Kickers,14 分钟,2021年2月17日,0/43
Half-Life: Blue Shift,14 分钟,2020年3月26日,
RPG Maker MZ,14 分钟,1月31日,
SHENZHEN I/O,14 分钟,2024年4月25日,0/6
Wwbit,14 分钟,2019年6月10日,
姬械技师 莉斯塔的大冒险,13 分钟,2024年10月5日,
三角洲行动 ,13 分钟,2024年12月14日,0/53
Godot Engine,13 分钟,2025年1月19日,
Max Payne,13 分钟,2023年12月26日,
Seek Girl:Fog Ⅰ,13 分钟,2020年6月18日,0/100
女忍者牡丹,12 分钟,2019年2月6日,5/30
人中之龙 维新！极,12 分钟,2024年2月10日,1/56
奥拓星球 / Autonauts,12 分钟,2024年1月17日,0/26
Crypt of the NecroDancer,12 分钟,2019年6月26日,0/61
Iron Snout,12 分钟,2017年2月14日,1/37
My Friendly Neighborhood,12 分钟,2025年3月11日,1/43
Styx: Master of Shadows,12 分钟,2019年2月5日,0/33
TEKKEN 7,12 分钟,2022年11月12日,0/42
"Warhammer 40,000: Boltgun - Words of Vengeance",12 分钟,2025年5月29日,0/8
YARISUTEMESUBUTA ~ 一次性交易大师 ~,12 分钟,2025年11月10日,1/15
魔女的夜宴,11 分钟,2025年3月7日,5/50
Florence,11 分钟,2020年2月28日,0/12
No More Room in Hell,11 分钟,2021年8月13日,0/115
POSTAL: Brain Damaged,11 分钟,2024年10月12日,0/34
Quake Champions,11 分钟,2021年9月20日,2/52
SUPERHOT VR,11 分钟,2019年12月27日,3/26
作死吧！UP主！,11 分钟,2022年10月4日,
Action对魔忍,10 分钟,2021年4月23日,
CATO 黄油猫,17 分钟,2025年4月21日,3/22
Forgive Me Father,10 分钟,2024年10月25日,0/20
Hunt Down The Freeman,10 分钟,2023年12月24日,3/37
《Need for Speed™ Heat,10 分钟,2022年10月3日,1/42
Transference,10 分钟,2018年11月23日,0/14
你妈,9 分钟,1月9日,7/12
ANIMAL WELL,9 分钟,2024年9月17日,2/20
Contraband Police,9 分钟,2024年12月1日,0/93
Prince of Persia: The Sands of Time,9 分钟,2024年12月2日,
RUSH,9 分钟,2019年1月3日,0/16
Seek Girl,9 分钟,2022年9月21日,135/160
Skeet: VR Target Shooting,9 分钟,2016年5月21日,1/14
若不疯魔何言爱过,8 分钟,2025年5月8日,
主播女孩重度依赖,8 分钟,2022年4月5日,2/33
神力科莎：竞速 Assetto Corsa Competizione,8 分钟,2025年11月27日,
A Fistful of Gun,8 分钟,2016年10月22日,2/13
Rogue Warrior,8 分钟,2025年8月10日,3/45
Sakura Swim Club,8 分钟,2017年9月27日,
Skullgirls 2nd Encore,8 分钟,2021年6月27日,0/45
Spider-Man: Far From Home Virtual Reality,8 分钟,2019年12月11日,
 没票？下车！,7 分钟,2025年9月30日,2/71
Call of Juarez,7 分钟,2020年6月5日,
越来越黑暗 Dark and Darker,7 分钟,2024年8月17日,
Prince of Persia: The Forgotten Sands,7 分钟,2024年12月2日,
Resident Evil 6,7 分钟,2020年6月18日,0/70
Severed Steel,7 分钟,2024年1月1日,0/57
Ultimate Epic Battle Simulator,7 分钟,2019年1月3日,
Untitled Goose Game,7 分钟,2020年11月8日,0/25
千恋＊万花,6 分钟,2025年2月12日,4/26
Sakura Spirit,6 分钟,2017年9月25日,
Batman: Arkham Asylum GOTY Edition,5 分钟,2020年1月20日,0/47
DYSMANTLE,5 分钟,2021年2月13日,0/34
Haven,5 分钟,2022年8月24日,0/30
Killing Floor,5 分钟,2018年7月9日,1/285
Call of Duty: Modern Warfare 2 (2009),4 分钟,2022年8月31日,0/50
Counter-Strike: Source,4 分钟,2024年1月16日,1/147
勇者被宠坏的奇幻世界RPG,4 分钟,2025年11月8日,
Serious Sam Fusion 2017 (beta),4 分钟,2017年7月13日,0/76
STREET TYPER X,4 分钟,2月7日,
Taboos: Cracks,4 分钟,2020年11月1日,5/12
你的另一个老婆,3 分钟,1月9日,1/20
女装神话,3 分钟,2020年8月10日,
Counter-Strike,3 分钟,2021年4月23日,
Counter-Strike: Condition Zero,3 分钟,2024年1月16日,
Miss Neko,3 分钟,2022年9月21日,12/104
Uplink,3 分钟,2024年2月24日,
米拉与奇妙的炼金术,2 分钟,2022年9月24日,
Catherine Classic,2 分钟,2021年7月12日,0/50
Day of Defeat,2 分钟,2018年8月23日,
Gothic Playable Teaser,2 分钟,2020年5月22日,0/25
IMMORTALITY,2 分钟,2023年9月24日,0/27
Manhunt,2 分钟,2023年3月10日,
Mirror Maker,2 分钟,2019年5月5日,
Seek Girl Ⅱ,2 分钟,2020年6月17日,35/35
A Way Out,2 分钟,2021年4月17日,0/14
黯蚀之魔女,1 分钟,2月6日,
底层公会前台小姐的接客之道,1 分钟,2025年11月18日,
莉洁与试练之城,1 分钟,2025年11月18日,
冒失巫女与魅魔之岛,1 分钟,2025年11月18日,
梦魇骑士 ~圣洁少女与堕落魔法~,1 分钟,2025年11月18日,
女裝神社,1 分钟,2020年8月10日,
与史莱姆少女的奇妙日常,1 分钟,2025年11月18日,
最强☆天使 沙利叶！,1 分钟,2025年11月18日,
ARK: Survival Of The Fittest,1 分钟,2016年9月9日,
Grand Theft Auto IV: The Complete Edition,1 分钟,2017年2月6日,0/55
Half-Life: Opposing Force,1 分钟,2020年3月26日,
Hyperdevotion Noire: Goddess Black Heart,1 分钟,2018年5月19日,0/51
Killing Time,1 分钟,2018年12月3日,
Megadimension Neptunia VII,1 分钟,2018年5月19日,0/35
MegaTagmension Blanc + Neptune VS Zombies,1 分钟,2018年5月19日,0/36
Metro: Last Light Redux,1 分钟,2020年5月22日,0/49
Rick and Morty: Virtual Rick-ality,1 分钟,2018年6月23日,1/18
Sakura Agent,1 分钟,2017年10月24日,0/10
Sakura Dungeon,1 分钟,2017年10月1日,0/37
Sakura Magical Girls,1 分钟,2017年10月24日,0/15
The Witcher 2: Assassins of Kings Enhanced Edition,1 分钟,2017年7月18日,0/52
《极品飞车：热力追踪》重制版,,,0/66
007 初露锋芒,,,
12 is Better Than 6,,,0/46
猎杀：对决 1896（测试服),,,0/8
生化奇兵2 重制版,,,0/53
黎明前20分钟,,,0/34
返校,,,0/8
孤女困魇,,,0/32
狙击手：幽灵战士契约,,,0/40
廖添丁：绝代凶贼之末日,,,0/26
零 ～濡鸦之巫女～,,,0/39
虐杀熔炉,,,0/41
沙耶之歌,,,
塔罗斯的法则,,,0/40
亚里莎的魔法书,,,
药剂工艺：炼金模拟器,,,0/29
Arx Fatalis,,,
Aseprite,,,
Bendy and the Dark Revival,,,0/38
BioShock,,,
BioShock 2,,,0/68
Call of Duty: Modern Warfare 2 (2009) - Multiplayer,,,
Call of Duty®: Modern Warfare® 3 (2011),,,0/76
Call of Duty®: Modern Warfare® 3 (2011) - Multiplayer,,,
Call of Juarez: Bound in Blood,,,
Company of Heroes - Legacy Edition,,,
Company of Heroes 2,,,0/452
Company of Heroes: Opposing Fronts,,,
Company of Heroes: Tales of Valor,,,
Corpse Party,,,0/17
Corpse Party (2021),,,0/33
Corpse Party 2: Dead Patient,,,0/10
Counter-Strike: Condition Zero Deleted Scenes,,,
CPUCores :: Maximize Your FPS,,,0/28
Craftopia / 创世理想乡,,,0/50
Crusader Kings III,,,0/188
Danganronpa 2: Goodbye Despair,,,0/47
Danganronpa: Trigger Happy Havoc,,,0/38
Dark Messiah of Might &amp; Magic Multi-Player,,,
潜水员戴夫 DAVE THE DIVER,,2024年1月8日,6/43
Day of Defeat: Source,,,0/54
DEATH STRANDING 2: ON THE BEACH,,,0/55
Deathmatch Classic,,,
Deus Ex: Game of the Year Edition,,,
Deus Ex: Invisible War,,,
Deus Ex: Human Revolution - Director's Cut,,,0/59
Deus Ex: The Fall,,,0/28
Disco Elysium,,,0/45
蚀之境 Eclipsium,,,0/11
F.E.A.R.: Extraction Point,,,
F.E.A.R.: Perseus Mandate,,,
F.E.A.R. 3,,,0/50
Fallout 76 Public Test Server,,,
Final DOOM,,,
Ghost Watchers,,,0/50
GOAT OF DUTY,,,0/31
Grand Theft Auto III,,,
Grand Theft Auto V 增强版,,,0/77
Grand Theft Auto: Vice City,,,
Half-Life 2: Deathmatch,,,
Half-Life Deathmatch: Source,,,
Half-Life: Source,,,
Hearts of Iron IV,,,0/266
Hellblade: Senua's Sacrifice VR Edition,,,0/14
Hollowbody,,,0/26
Hyperdimension Neptunia Re;Birth2 Sisters Generation,,,0/41
Hyperdimension Neptunia Re;Birth3 V Generation,,,0/42
I Expect You To Die 3,,,0/16
《使命召唤®：现代战争® II 2022》,,,0/24
Killing Floor Mod: Defence Alliance 2,,,0/30
Left 4 Dead,,,0/73
Life is Strange: Before the Storm,,,0/34
Master Levels for DOOM II,,,
Max Payne 2: The Fall of Max Payne,,,
METAL GEAR SOLID MASTER COLLECTION Vol.2,,,0/84
Moonless Moon,,,0/12
Need for Speed™,,,0/45
Need for Speed™ Most Wanted,,,
Need for Speed™ Payback,,,0/57
Need for Speed™ Rivals,,,
No More Heroes 2: Desperate Struggle,,,0/22
不予播出 ( Not For Broadcast ),,,0/95
Outer Wilds,,,0/31
Outlast,,,0/14
Pavlov VR,,,
PICO PARK,,,
引擎坠落 Playtest,,,
Prey: Typhon Hunter,,,0/10
Prince of Persia,,,
Prince of Persia: Warrior Within,,,
Prince of Persia: The Two Thrones,,,
Project Warlock II,,,0/218
Project Winter,,,0/78
Resident Evil 5,,,0/70
RESIDENT EVIL RESISTANCE,,,0/51
Resident Evil Revelations,,,0/50
Resident Evil Revelations 2,,,0/43
Ricochet,,,
ROMEO IS A DEAD MAN,,,0/44
Saints Row: The Third,,,0/83
Sakura Angels,,,
Sakura Beach,,,
Sakura Beach 2,,,
Sakura Fantasy Chapter 1,,,
Sakura Nova,,,0/15
Sakura Santa,,,
Sakura Shrine Girls,,,
Sakura Space,,,
Sniper Ghost Warrior 2,,,0/38
Sniper Ghost Warrior 3,,,0/48
Sniper: Ghost Warrior,,,0/24
SOMA,,,0/10
Squad - 公开测试服,,,
Starbound - Unstable,,,0/51
Styx: Shards of Darkness,,,0/38
System Shock,,,0/46
Team Fortress Classic,,,
上行战场 / The Ascent,,,0/66
Tom Clancy's The Division PTS,,,
Tomb Raider IV-VI Remastered,,,0/168
Ultimate Desktop Character Engine,,,
Unknown 9: Awakening,,,0/38
真·女神转生Ⅴ Vengeance,,,0/48
Viewfinder,,,0/46
Viscera Cleanup Detail: Santa's Rampage,,,0/13
Viscera Cleanup Detail: Shadow Warrior,,,0/2
"Warhammer 40,000: Dawn of War - Dark Crusade",,,
"Warhammer 40,000: Dawn of War - Soulstorm",,,
"Warhammer 40,000: Dawn of War - Winter Assault",,,
"Warhammer 40,000: Dawn of War II - Retribution",,,0/77
"Warhammer 40,000: Dawn of War II - Chaos Rising",,,0/73
"Warhammer 40,000: Gladius - Relics of War",,,0/166
暖雪 Warm Snow,,,0/158
Welcome to Doll Town,,,0/12
Wolfenstein 3D: Spear of Destiny,,,
Wolfenstein: Enemy Territory,,,
